n_chunks, chunks_size, qos, sync, size, ns
1,32,1,1,Tiny,56015264
1,32,1,1,Tiny,35244324
1,32,1,1,Tiny,36761414
1,32,1,1,Tiny,49287496
1,32,1,1,Tiny,47649984
1,32,1,1,Small,264718710
1,32,1,1,Small,255949092
1,32,1,1,Small,280914949
1,32,1,1,Small,262715597
1,32,1,1,Small,283485914
1,32,1,1,Medium,602979201
1,32,1,1,Medium,650832851
1,32,1,1,Medium,626030548
1,32,1,1,Medium,643809646
1,32,1,1,Medium,628912335
1,32,1,1,Large,1348268354
1,32,1,1,Large,1278277880
1,32,1,1,Large,1213932088
1,32,1,1,Large,1174016567
1,32,1,1,Large,1385452852
1,32,1,1,Huge,2289691830
1,32,1,1,Huge,2514783195
1,32,1,1,Huge,2228057510
1,32,1,1,Huge,2121168640
1,32,1,1,Huge,2284457450
1,32,1,0,Tiny,43918518
1,32,1,0,Tiny,101758272
1,32,1,0,Tiny,142743000
1,32,1,0,Tiny,182165847
1,32,1,0,Tiny,228315398
1,32,1,0,Tiny,281131631
1,32,1,0,Small,317570330
1,32,1,0,Small,606382611
1,32,1,0,Small,883434297
1,32,1,0,Small,1246071060
1,32,1,0,Small,1537386529
1,32,1,0,Medium,1944626376
1,32,1,0,Medium,1050421231
1,32,1,0,Medium,1705313307
1,32,1,0,Medium,2352636102
1,32,1,0,Medium,2976736678
1,32,1,0,Medium,3683039153
1,32,1,0,Large,4419148774
1,32,1,0,Large,2031236598
1,32,1,0,Large,3434177556
1,32,1,0,Large,4902376876
1,32,1,0,Large,6208737144
1,32,1,0,Large,7597644948
1,32,1,0,Huge,8849898380
1,32,1,0,Huge,3785892024
1,32,1,0,Huge,6485543850
1,32,1,0,Huge,9005905074
1,32,1,0,Huge,11536332498
1,32,1,0,Huge,14107757432
1,32,1,0,Huge,16757434044
1,64,1,1,Tiny,21824769
1,64,1,1,Tiny,18568984
1,64,1,1,Tiny,19538377
1,64,1,1,Tiny,19372946
1,64,1,1,Tiny,19449211
1,64,1,1,Small,123188127
1,64,1,1,Small,132027232
1,64,1,1,Small,139144204
1,64,1,1,Small,161116850
1,64,1,1,Small,130981257
1,64,1,1,Medium,299981005
1,64,1,1,Medium,297175200
1,64,1,1,Medium,298420711
1,64,1,1,Medium,364062009
1,64,1,1,Medium,316003898
1,64,1,1,Large,706788061
1,64,1,1,Large,713901611
1,64,1,1,Large,729061385
1,64,1,1,Large,632600504
1,64,1,1,Large,604225560
1,64,1,1,Huge,1129100133
1,64,1,1,Huge,1211625390
1,64,1,1,Huge,1104384911
1,64,1,1,Huge,1369772600
1,64,1,1,Huge,1133199418
1,64,1,0,Tiny,20107712
1,64,1,0,Tiny,46473031
1,64,1,0,Tiny,67115082
1,64,1,0,Tiny,85532674
1,64,1,0,Tiny,104742149
1,64,1,0,Small,126673786
1,64,1,0,Small,162586662
1,64,1,0,Small,294550367
1,64,1,0,Small,420273983
1,64,1,0,Small,548925707
1,64,1,0,Small,682226826
1,64,1,0,Small,841002160
1,64,1,0,Medium,306196201
1,64,1,0,Medium,695268560
1,64,1,0,Medium,1044414287
1,64,1,0,Medium,1352658718
1,64,1,0,Medium,1675108875
1,64,1,0,Medium,1962400806
1,64,1,0,Large,667339044
1,64,1,0,Large,1228731721
1,64,1,0,Large,1785156702
1,64,1,0,Large,2402505863
1,64,1,0,Large,3002577638
1,64,1,0,Large,3592296192
1,64,1,0,Huge,1322514079
1,64,1,0,Huge,2628269821
1,64,1,0,Huge,3882345214
1,64,1,0,Huge,5263519171
1,64,1,0,Huge,6403919282
1,64,1,0,Huge,7591363233
1,128,1,1,Tiny,28475347
1,128,1,1,Tiny,26355478
1,128,1,1,Tiny,21023028
1,128,1,1,Tiny,9956480
1,128,1,1,Tiny,9518005
1,128,1,1,Small,70278547
1,128,1,1,Small,63551100
1,128,1,1,Small,65907197
1,128,1,1,Small,63587698
1,128,1,1,Small,83401147
1,128,1,1,Medium,187109768
1,128,1,1,Medium,199474294
1,128,1,1,Medium,171387331
1,128,1,1,Medium,172636217
1,128,1,1,Medium,174814956
1,128,1,1,Large,314822715
1,128,1,1,Large,286780724
1,128,1,1,Large,382016013
1,128,1,1,Large,300626603
1,128,1,1,Large,292047104
1,128,1,1,Huge,636447827
1,128,1,1,Huge,581638709
1,128,1,1,Huge,662419967
1,128,1,1,Huge,620884979
1,128,1,1,Huge,584545450
1,128,1,0,Tiny,13676639
1,128,1,0,Tiny,34662078
1,128,1,0,Tiny,46976522
1,128,1,0,Tiny,56058960
1,128,1,0,Tiny,66809278
1,128,1,0,Tiny,74161686
1,128,1,0,Small,74411519
1,128,1,0,Small,161338335
1,128,1,0,Small,232213571
1,128,1,0,Small,308382726
1,128,1,0,Small,378399450
1,128,1,0,Small,479953505
1,128,1,0,Medium,172762369
1,128,1,0,Medium,346893343
1,128,1,0,Medium,516663413
1,128,1,0,Medium,690004148
1,128,1,0,Medium,845183561
1,128,1,0,Medium,1029061397
1,128,1,0,Large,365295052
1,128,1,0,Large,738051696
1,128,1,0,Large,1110302635
1,128,1,0,Large,1458312060
1,128,1,0,Large,1786352146
1,128,1,0,Large,2097550504
1,128,1,0,Huge,740872206
1,128,1,0,Huge,1398784635
1,128,1,0,Huge,2100248583
1,128,1,0,Huge,2822273393
1,128,1,0,Huge,3403066872
1,128,1,0,Huge,3998115570
1,256,1,1,Tiny,6191496
1,256,1,1,Tiny,5717792
1,256,1,1,Tiny,5357889
1,256,1,1,Tiny,5481453
1,256,1,1,Tiny,5311712
1,256,1,1,Small,35840872
1,256,1,1,Small,55707079
1,256,1,1,Small,35140999
1,256,1,1,Small,60570260
1,256,1,1,Small,34383658
1,256,1,1,Medium,135460821
1,256,1,1,Medium,74754392
1,256,1,1,Medium,77514137
1,256,1,1,Medium,95697070
1,256,1,1,Medium,79807290
1,256,1,1,Large,146789039
1,256,1,1,Large,149883948
1,256,1,1,Large,162715765
1,256,1,1,Large,177348961
1,256,1,1,Large,163006773
1,256,1,1,Huge,335418916
1,256,1,1,Huge,311468844
1,256,1,1,Huge,354136067
1,256,1,1,Huge,357954408
1,256,1,1,Huge,311093734
1,256,1,0,Tiny,10819744
1,256,1,0,Tiny,17639442
1,256,1,0,Tiny,27832177
1,256,1,0,Tiny,33964733
1,256,1,0,Tiny,50164427
1,256,1,0,Tiny,48786520
1,256,1,0,Small,44324528
1,256,1,0,Small,80295818
1,256,1,0,Small,122721522
1,256,1,0,Small,161949084
1,256,1,0,Small,204650507
1,256,1,0,Small,244513614
1,256,1,0,Medium,94384161
1,256,1,0,Medium,187097773
1,256,1,0,Medium,283167331
1,256,1,0,Medium,376759461
1,256,1,0,Medium,458884429
1,256,1,0,Medium,570130975
1,256,1,0,Large,172609108
1,256,1,0,Large,389398090
1,256,1,0,Large,642145817
1,256,1,0,Large,828048634
1,256,1,0,Large,987308566
1,256,1,0,Large,1150437174
1,256,1,0,Huge,308056699
1,256,1,0,Huge,703761682
1,256,1,0,Huge,1109183026
1,256,1,0,Huge,1430611713
1,256,1,0,Huge,1718444518
1,512,1,1,Tiny,4831976
1,512,1,1,Tiny,3787319
1,512,1,1,Tiny,2758217
1,512,1,1,Tiny,2727262
1,512,1,1,Tiny,2607331
1,512,1,1,Small,17442193
1,512,1,1,Small,17524917
1,512,1,1,Small,28357883
1,512,1,1,Small,17224023
1,512,1,1,Small,17023079
1,512,1,1,Medium,45643969
1,512,1,1,Medium,44159031
1,512,1,1,Medium,41906371
1,512,1,1,Medium,48929229
1,512,1,1,Medium,41843442
1,512,1,1,Large,82806610
1,512,1,1,Large,86520066
1,512,1,1,Large,93146284
1,512,1,1,Large,82101827
1,512,1,1,Large,100763132
1,512,1,1,Huge,148125461
1,512,1,1,Huge,191515903
1,512,1,1,Huge,191728429
1,512,1,1,Huge,154468053
1,512,1,1,Huge,149842147
1,512,1,0,Tiny,3038274
1,512,1,0,Tiny,10301131
1,512,1,0,Tiny,12968429
1,512,1,0,Tiny,15976474
1,512,1,0,Tiny,18634309
1,512,1,0,Small,23488933
1,512,1,0,Small,20957112
1,512,1,0,Small,38124349
1,512,1,0,Small,69964538
1,512,1,0,Small,97851312
1,512,1,0,Small,115467350
1,512,1,0,Small,145579016
1,512,1,0,Medium,40744305
1,512,1,0,Medium,84904416
1,512,1,0,Medium,139399862
1,512,1,0,Medium,185588508
1,512,1,0,Medium,226890050
1,512,1,0,Large,275523195
1,512,1,0,Large,122897524
1,512,1,0,Large,229849443
1,512,1,0,Large,323416918
1,512,1,0,Large,395054207
1,512,1,0,Large,482386945
1,512,1,0,Large,545577642
1,512,1,0,Huge,141264103
1,512,1,0,Huge,339336879
1,512,1,0,Huge,526253357
1,512,1,0,Huge,757785622
1,512,1,0,Huge,981524705
1,1024,1,1,Tiny,1846135
1,1024,1,1,Tiny,1538554
1,1024,1,1,Tiny,1483302
1,1024,1,1,Tiny,1511596
1,1024,1,1,Tiny,1596900
1,1024,1,1,Small,8888917
1,1024,1,1,Small,8973824
1,1024,1,1,Small,12640549
1,1024,1,1,Small,8977241
1,1024,1,1,Small,8973076
1,1024,1,1,Medium,19832859
1,1024,1,1,Medium,21622549
1,1024,1,1,Medium,19871230
1,1024,1,1,Medium,19174848
1,1024,1,1,Medium,20651398
1,1024,1,1,Large,58715666
1,1024,1,1,Large,58391103
1,1024,1,1,Large,48584851
1,1024,1,1,Large,36303693
1,1024,1,1,Large,37424326
1,1024,1,1,Huge,71140750
1,1024,1,1,Huge,73332270
1,1024,1,1,Huge,74430001
1,1024,1,1,Huge,67716949
1,1024,1,1,Huge,69812036
1,1024,1,0,Tiny,1690654
1,1024,1,0,Tiny,4849931
1,1024,1,0,Tiny,6609527
1,1024,1,0,Tiny,9929929
1,1024,1,0,Tiny,11558501
1,1024,1,0,Small,10449523
1,1024,1,0,Small,11812786
1,1024,1,0,Small,27455650
1,1024,1,0,Small,42950583
1,1024,1,0,Small,52540466
1,1024,1,0,Small,62730390
1,1024,1,0,Small,78368307
1,1024,1,0,Medium,44141721
1,1024,1,0,Medium,71444052
1,1024,1,0,Medium,100987568
1,1024,1,0,Medium,121352340
1,1024,1,0,Medium,145449585
1,1024,1,0,Medium,149016775
1,1024,1,0,Large,36961361
1,1024,1,0,Large,79219268
1,1024,1,0,Large,119128757
1,1024,1,0,Large,163579074
1,1024,1,0,Large,219612341
1,1024,1,0,Large,246124817
1,1024,1,0,Huge,77677925
1,1024,1,0,Huge,163369435
1,1024,1,0,Huge,245346512
1,1024,1,0,Huge,326255850
1,1024,1,0,Huge,412343291
1,1024,1,0,Huge,497604991
1,2048,1,1,Tiny,2727238
1,2048,1,1,Tiny,2629871
1,2048,1,1,Tiny,2313868
1,2048,1,1,Tiny,1240557
1,2048,1,1,Tiny,1181154
1,2048,1,1,Small,6639761
1,2048,1,1,Small,6225073
1,2048,1,1,Small,6286750
1,2048,1,1,Small,6395158
1,2048,1,1,Small,8261208
1,2048,1,1,Medium,16745865
1,2048,1,1,Medium,11931005
1,2048,1,1,Medium,12259711
1,2048,1,1,Medium,12262055
1,2048,1,1,Medium,12007630
1,2048,1,1,Large,23427397
1,2048,1,1,Large,26029600
1,2048,1,1,Large,25832699
1,2048,1,1,Large,24688615
1,2048,1,1,Large,29613578
1,2048,1,1,Huge,55681223
1,2048,1,1,Huge,47695912
1,2048,1,1,Huge,47376225
1,2048,1,1,Huge,54401245
1,2048,1,1,Huge,55863391
1,2048,1,0,Tiny,1328581
1,2048,1,0,Tiny,3969939
1,2048,1,0,Tiny,4685079
1,2048,1,0,Tiny,6832394
1,2048,1,0,Tiny,7901339
1,2048,1,0,Small,9000673
1,2048,1,0,Small,5763144
1,2048,1,0,Small,10797150
1,2048,1,0,Small,16126436
1,2048,1,0,Small,21567916
1,2048,1,0,Small,26924875
1,2048,1,0,Small,33021392
1,2048,1,0,Medium,21067510
1,2048,1,0,Medium,34632992
1,2048,1,0,Medium,46300615
1,2048,1,0,Medium,65638536
1,2048,1,0,Medium,75506166
1,2048,1,0,Medium,84774262
1,2048,1,0,Large,28383472
1,2048,1,0,Large,50633393
1,2048,1,0,Large,73452895
1,2048,1,0,Large,95010104
1,2048,1,0,Large,120820079
1,2048,1,0,Huge,156170783
1,2048,1,0,Huge,82996976
1,2048,1,0,Huge,131114722
1,2048,1,0,Huge,175916568
1,2048,1,0,Huge,218839393
1,2048,1,0,Huge,258288334
1,4096,1,1,Tiny,823902
1,4096,1,1,Tiny,613999
1,4096,1,1,Tiny,606259
1,4096,1,1,Tiny,616475
1,4096,1,1,Tiny,4899171
1,4096,1,1,Small,1963974
1,4096,1,1,Small,2231376
1,4096,1,1,Small,2159673
1,4096,1,1,Small,2207472
1,4096,1,1,Small,1986260
1,4096,1,1,Medium,4271471
1,4096,1,1,Medium,3394985
1,4096,1,1,Medium,3524630
1,4096,1,1,Medium,3669843
1,4096,1,1,Medium,3518735
1,4096,1,1,Large,6467070
1,4096,1,1,Large,6506190
1,4096,1,1,Large,6663092
1,4096,1,1,Large,6732548
1,4096,1,1,Large,6356885
1,4096,1,1,Huge,11991733
1,4096,1,1,Huge,12107625
1,4096,1,1,Huge,26711773
1,4096,1,1,Huge,16676392
1,4096,1,1,Huge,16596010
1,4096,1,0,Tiny,1164275
1,4096,1,0,Tiny,1821346
1,4096,1,0,Tiny,1815394
1,4096,1,0,Tiny,1412661
1,4096,1,0,Tiny,2011021
1,4096,1,0,Tiny,2677685
1,4096,1,0,Small,2101130
1,4096,1,0,Small,4622671
1,4096,1,0,Small,8370357
1,4096,1,0,Small,10908098
1,4096,1,0,Small,12817389
1,4096,1,0,Medium,15304567
1,4096,1,0,Medium,5215521
1,4096,1,0,Medium,10550080
1,4096,1,0,Medium,13467076
1,4096,1,0,Medium,22262788
1,4096,1,0,Medium,27763765
1,4096,1,0,Large,33201385
1,4096,1,0,Large,10762814
1,4096,1,0,Large,17380788
1,4096,1,0,Large,28506044
1,4096,1,0,Large,36274692
1,4096,1,0,Large,45197019
1,4096,1,0,Large,57922752
1,4096,1,0,Huge,14966581
1,4096,1,0,Huge,29387666
1,4096,1,0,Huge,49828049
1,4096,1,0,Huge,72101678
1,4096,1,0,Huge,84894493
1,4096,1,0,Huge,97584307
1,8192,1,1,Tiny,681475
1,8192,1,1,Tiny,426429
1,8192,1,1,Tiny,351394
1,8192,1,1,Tiny,384658
1,8192,1,1,Tiny,357703
1,8192,1,1,Small,1410986
1,8192,1,1,Small,1337310
1,8192,1,1,Small,1272291
1,8192,1,1,Small,1229502
1,8192,1,1,Small,1189108
1,8192,1,1,Medium,2633596
1,8192,1,1,Medium,2260143
1,8192,1,1,Medium,2540962
1,8192,1,1,Medium,2694053
1,8192,1,1,Medium,2494920
1,8192,1,1,Large,4529538
1,8192,1,1,Large,5733229
1,8192,1,1,Large,5029313
1,8192,1,1,Large,4894849
1,8192,1,1,Large,4806309
1,8192,1,1,Huge,9448228
1,8192,1,1,Huge,7743670
1,8192,1,1,Huge,7704588
1,8192,1,1,Huge,7592332
1,8192,1,1,Huge,11503963
1,8192,1,0,Tiny,697303
1,8192,1,0,Tiny,1328561
1,8192,1,0,Tiny,1578702
1,8192,1,0,Tiny,1930241
1,8192,1,0,Tiny,2179396
1,8192,1,0,Tiny,2893131
1,8192,1,0,Small,1730844
1,8192,1,0,Small,2805733
1,8192,1,0,Small,3880707
1,8192,1,0,Small,5242280
1,8192,1,0,Small,6311135
1,8192,1,0,Medium,7669127
1,8192,1,0,Medium,3337588
1,8192,1,0,Medium,7424952
1,8192,1,0,Medium,9564585
1,8192,1,0,Medium,11835331
1,8192,1,0,Medium,13923776
1,8192,1,0,Medium,15975638
1,8192,1,0,Large,4489187
1,8192,1,0,Large,13802567
1,8192,1,0,Large,20153689
1,8192,1,0,Large,26484565
1,8192,1,0,Large,30865365
1,8192,1,0,Large,36668295
1,8192,1,0,Huge,8065380
1,8192,1,0,Huge,15755748
1,8192,1,0,Huge,23483846
1,8192,1,0,Huge,30784383
1,8192,1,0,Huge,37533902
3,32,1,1,Tiny,32063120
3,32,1,1,Tiny,25639868
3,32,1,1,Tiny,15864396
3,32,1,1,Tiny,16385756
3,32,1,1,Tiny,16026659
3,32,1,1,Small,117838122
3,32,1,1,Small,106234429
3,32,1,1,Small,117501433
3,32,1,1,Small,152615965
3,32,1,1,Small,132545024
3,32,1,1,Medium,311506226
3,32,1,1,Medium,263866812
3,32,1,1,Medium,245281865
3,32,1,1,Medium,243960267
3,32,1,1,Medium,264993646
3,32,1,1,Large,516561893
3,32,1,1,Large,497712320
3,32,1,1,Large,521423725
3,32,1,1,Large,500179696
3,32,1,1,Large,497809939
3,32,1,1,Huge,969615029
3,32,1,1,Huge,945558738
3,32,1,1,Huge,1008127641
3,32,1,1,Huge,916866695
3,32,1,1,Huge,920319312
3,32,1,0,Tiny,17695063
3,32,1,0,Tiny,41305921
3,32,1,0,Tiny,60316451
3,32,1,0,Tiny,79245882
3,32,1,0,Tiny,98692794
3,32,1,0,Tiny,110084317
3,32,1,0,Small,114036680
3,32,1,0,Small,223754810
3,32,1,0,Small,340097036
3,32,1,0,Small,458701067
3,32,1,0,Small,575586282
3,32,1,0,Small,735496133
3,32,1,0,Medium,272480035
3,32,1,0,Medium,552987511
3,32,1,0,Medium,809438333
3,32,1,0,Medium,1091046894
3,32,1,0,Medium,1353101095
3,32,1,0,Medium,1678908807
3,32,1,0,Large,595476690
3,32,1,0,Large,1163325895
3,32,1,0,Large,1708949145
3,32,1,0,Large,2297630479
3,32,1,0,Large,2880135296
3,32,1,0,Large,3448417746
3,32,1,0,Huge,1010784974
3,32,1,0,Huge,2051159393
3,32,1,0,Huge,3073322333
3,32,1,0,Huge,4055054133
3,32,1,0,Huge,5067018728
3,32,1,0,Huge,6087697189
3,64,1,1,Tiny,8326844
3,64,1,1,Tiny,7837379
3,64,1,1,Tiny,15875132
3,64,1,1,Tiny,10479137
3,64,1,1,Tiny,13417973
3,64,1,1,Small,59215598
3,64,1,1,Small,57617877
3,64,1,1,Small,57969017
3,64,1,1,Small,58726576
3,64,1,1,Small,57275674
3,64,1,1,Medium,148761013
3,64,1,1,Medium,134701486
3,64,1,1,Medium,165785009
3,64,1,1,Medium,157095768
3,64,1,1,Medium,136392977
3,64,1,1,Large,266369017
3,64,1,1,Large,254105830
3,64,1,1,Large,256524346
3,64,1,1,Large,294853149
3,64,1,1,Large,253600520
3,64,1,1,Huge,464479050
3,64,1,1,Huge,486625734
3,64,1,1,Huge,480350692
3,64,1,1,Huge,508351805
3,64,1,1,Huge,504073461
3,64,1,0,Tiny,9516436
3,64,1,0,Tiny,17842343
3,64,1,0,Tiny,26689301
3,64,1,0,Tiny,34612099
3,64,1,0,Tiny,43327006
3,64,1,0,Tiny,46474225
3,64,1,0,Small,58101224
3,64,1,0,Small,116650123
3,64,1,0,Small,174219153
3,64,1,0,Small,231025254
3,64,1,0,Small,295481197
3,64,1,0,Medium,374076905
3,64,1,0,Medium,255720143
3,64,1,0,Medium,424406146
3,64,1,0,Medium,576876740
3,64,1,0,Medium,729996053
3,64,1,0,Medium,905854134
3,64,1,0,Large,1104159188
3,64,1,0,Large,484196371
3,64,1,0,Large,761317196
3,64,1,0,Large,1130043399
3,64,1,0,Large,1417387292
3,64,1,0,Large,1688048587
3,64,1,0,Huge,1947457527
3,64,1,0,Huge,781933802
3,64,1,0,Huge,1271920960
3,64,1,0,Huge,1752501515
3,64,1,0,Huge,2231091770
3,64,1,0,Huge,2766089040
3,64,1,0,Huge,3266164829
3,128,1,1,Tiny,4670622
3,128,1,1,Tiny,4273175
3,128,1,1,Tiny,4199637
3,128,1,1,Tiny,4221872
3,128,1,1,Tiny,4291866
3,128,1,1,Small,29091136
3,128,1,1,Small,27101010
3,128,1,1,Small,28579457
3,128,1,1,Small,28006463
3,128,1,1,Small,28384136
3,128,1,1,Medium,62301462
3,128,1,1,Medium,65056838
3,128,1,1,Medium,67185977
3,128,1,1,Medium,63679425
3,128,1,1,Medium,63075583
3,128,1,1,Large,121467561
3,128,1,1,Large,125475299
3,128,1,1,Large,122473777
3,128,1,1,Large,119977455
3,128,1,1,Large,131715049
3,128,1,1,Huge,228396731
3,128,1,1,Huge,241914797
3,128,1,1,Huge,225884889
3,128,1,1,Huge,229661454
3,128,1,1,Huge,227368752
3,128,1,0,Tiny,4829943
3,128,1,0,Tiny,9782244
3,128,1,0,Tiny,14051916
3,128,1,0,Tiny,18559236
3,128,1,0,Tiny,25753393
3,128,1,0,Small,30942250
3,128,1,0,Small,32007956
3,128,1,0,Small,64629189
3,128,1,0,Small,93234277
3,128,1,0,Small,121308523
3,128,1,0,Small,197978009
3,128,1,0,Small,227921412
3,128,1,0,Medium,64033055
3,128,1,0,Medium,131571374
3,128,1,0,Medium,196352374
3,128,1,0,Medium,265131651
3,128,1,0,Medium,333144969
3,128,1,0,Large,412196617
3,128,1,0,Large,224541816
3,128,1,0,Large,361910882
3,128,1,0,Large,492839415
3,128,1,0,Large,628446065
3,128,1,0,Large,758483372
3,128,1,0,Large,884158626
3,128,1,0,Huge,239892656
3,128,1,0,Huge,479507115
3,128,1,0,Huge,718337722
3,128,1,0,Huge,957653350
3,128,1,0,Huge,1196739149
3,256,1,1,Tiny,3006956
3,256,1,1,Tiny,2763758
3,256,1,1,Tiny,2562656
3,256,1,1,Tiny,3015237
3,256,1,1,Tiny,2737281
3,256,1,1,Small,16595836
3,256,1,1,Small,23995924
3,256,1,1,Small,24698008
3,256,1,1,Small,25016142
3,256,1,1,Small,14877199
3,256,1,1,Medium,34669704
3,256,1,1,Medium,69768882
3,256,1,1,Medium,34954022
3,256,1,1,Medium,34009309
3,256,1,1,Medium,33553846
3,256,1,1,Large,66659434
3,256,1,1,Large,65562749
3,256,1,1,Large,66294407
3,256,1,1,Large,75741414
3,256,1,1,Large,66094616
3,256,1,1,Huge,121103978
3,256,1,1,Huge,121047293
3,256,1,1,Huge,122488132
3,256,1,1,Huge,131308815
3,256,1,1,Huge,120938048
3,256,1,0,Tiny,2955841
3,256,1,0,Tiny,9641508
3,256,1,0,Tiny,15180025
3,256,1,0,Tiny,22197016
3,256,1,0,Tiny,24965335
3,256,1,0,Small,31977022
3,256,1,0,Small,22247568
3,256,1,0,Small,61057183
3,256,1,0,Small,79132538
3,256,1,0,Small,94786325
3,256,1,0,Small,110746509
3,256,1,0,Medium,127281253
3,256,1,0,Medium,43281721
3,256,1,0,Medium,82784569
3,256,1,0,Medium,119310093
3,256,1,0,Medium,156085991
3,256,1,0,Medium,198846901
3,256,1,0,Medium,232222073
3,256,1,0,Large,72003113
3,256,1,0,Large,152803994
3,256,1,0,Large,223364876
3,256,1,0,Large,295216610
3,256,1,0,Large,368550284
3,256,1,0,Large,441152957
3,256,1,0,Huge,142240432
3,256,1,0,Huge,269739744
3,256,1,0,Huge,397498264
3,256,1,0,Huge,528991115
3,256,1,0,Huge,651653563
3,512,1,1,Tiny,2453455
3,512,1,1,Tiny,1819287
3,512,1,1,Tiny,1813371
3,512,1,1,Tiny,1787897
3,512,1,1,Tiny,1832340
3,512,1,1,Small,9717362
3,512,1,1,Small,8983536
3,512,1,1,Small,15223503
3,512,1,1,Small,13358310
3,512,1,1,Small,13561039
3,512,1,1,Medium,22413201
3,512,1,1,Medium,19161921
3,512,1,1,Medium,19533717
3,512,1,1,Medium,19654238
3,512,1,1,Medium,20029781
3,512,1,1,Large,47248070
3,512,1,1,Large,36967456
3,512,1,1,Large,37407417
3,512,1,1,Large,36945768
3,512,1,1,Large,37248282
3,512,1,1,Huge,67579253
3,512,1,1,Huge,69778388
3,512,1,1,Huge,68683267
3,512,1,1,Huge,68708302
3,512,1,1,Huge,68825616
3,512,1,0,Tiny,2000214
3,512,1,0,Tiny,3699496
3,512,1,0,Tiny,5102443
3,512,1,0,Tiny,8690840
3,512,1,0,Tiny,10407613
3,512,1,0,Tiny,13035921
3,512,1,0,Small,8506592
3,512,1,0,Small,16993978
3,512,1,0,Small,40979659
3,512,1,0,Small,49523083
3,512,1,0,Small,63702644
3,512,1,0,Small,57881668
3,512,1,0,Medium,19955604
3,512,1,0,Medium,42322825
3,512,1,0,Medium,75143957
3,512,1,0,Medium,95411123
3,512,1,0,Medium,114463756
3,512,1,0,Large,141376559
3,512,1,0,Large,83072008
3,512,1,0,Large,121391952
3,512,1,0,Large,156761405
3,512,1,0,Large,195935212
3,512,1,0,Large,264169313
3,512,1,0,Large,299621878
3,512,1,0,Huge,70640238
3,512,1,0,Huge,139603491
3,512,1,0,Huge,207622244
3,512,1,0,Huge,276050667
3,512,1,0,Huge,379097074
3,1024,1,1,Tiny,1294078
3,1024,1,1,Tiny,1170631
3,1024,1,1,Tiny,1052464
3,1024,1,1,Tiny,994713
3,1024,1,1,Tiny,1116162
3,1024,1,1,Small,4436171
3,1024,1,1,Small,4507274
3,1024,1,1,Small,4422880
3,1024,1,1,Small,4529462
3,1024,1,1,Small,4436431
3,1024,1,1,Medium,21135026
3,1024,1,1,Medium,14995813
3,1024,1,1,Medium,14096607
3,1024,1,1,Medium,9593632
3,1024,1,1,Medium,9500047
3,1024,1,1,Large,18476796
3,1024,1,1,Large,20645556
3,1024,1,1,Large,18956200
3,1024,1,1,Large,18235664
3,1024,1,1,Large,22826039
3,1024,1,1,Huge,42247022
3,1024,1,1,Huge,35764454
3,1024,1,1,Huge,33810912
3,1024,1,1,Huge,34297225
3,1024,1,1,Huge,33247869
3,1024,1,0,Tiny,1592478
3,1024,1,0,Tiny,2477468
3,1024,1,0,Tiny,4938545
3,1024,1,0,Tiny,5741144
3,1024,1,0,Tiny,5911788
3,1024,1,0,Small,7533745
3,1024,1,0,Small,6131170
3,1024,1,0,Small,17492460
3,1024,1,0,Small,22526966
3,1024,1,0,Small,27313753
3,1024,1,0,Small,32102563
3,1024,1,0,Small,37101348
3,1024,1,0,Medium,12250278
3,1024,1,0,Medium,22376094
3,1024,1,0,Medium,32607607
3,1024,1,0,Medium,42648828
3,1024,1,0,Medium,52744785
3,1024,1,0,Large,72555388
3,1024,1,0,Large,45702170
3,1024,1,0,Large,72104114
3,1024,1,0,Large,94578168
3,1024,1,0,Large,117990460
3,1024,1,0,Large,138327170
3,1024,1,0,Large,160918598
3,1024,1,0,Huge,41899799
3,1024,1,0,Huge,84783982
3,1024,1,0,Huge,123319728
3,1024,1,0,Huge,163949944
3,1024,1,0,Huge,200402807
3,1024,1,0,Huge,239889679
3,2048,1,1,Tiny,1068336
3,2048,1,1,Tiny,760008
3,2048,1,1,Tiny,751851
3,2048,1,1,Tiny,802721
3,2048,1,1,Tiny,855407
3,2048,1,1,Small,3952603
3,2048,1,1,Small,3970233
3,2048,1,1,Small,3984501
3,2048,1,1,Small,3910467
3,2048,1,1,Small,3883583
3,2048,1,1,Medium,8887574
3,2048,1,1,Medium,6565155
3,2048,1,1,Medium,6888553
3,2048,1,1,Medium,6768683
3,2048,1,1,Medium,7047203
3,2048,1,1,Large,12611736
3,2048,1,1,Large,15801303
3,2048,1,1,Large,13732454
3,2048,1,1,Large,13813328
3,2048,1,1,Large,14097014
3,2048,1,1,Huge,25465813
3,2048,1,1,Huge,25940418
3,2048,1,1,Huge,25545183
3,2048,1,1,Huge,24235532
3,2048,1,1,Huge,24496507
3,2048,1,0,Tiny,1252827
3,2048,1,0,Tiny,2234550
3,2048,1,0,Tiny,3242045
3,2048,1,0,Tiny,3846862
3,2048,1,0,Tiny,4557841
3,2048,1,0,Tiny,4114476
3,2048,1,0,Small,3253787
3,2048,1,0,Small,6031794
3,2048,1,0,Small,12041712
3,2048,1,0,Small,15743807
3,2048,1,0,Small,18501650
3,2048,1,0,Medium,22248279
3,2048,1,0,Medium,9209189
3,2048,1,0,Medium,21628061
3,2048,1,0,Medium,29595667
3,2048,1,0,Medium,37423718
3,2048,1,0,Medium,51464283
3,2048,1,0,Medium,58435377
3,2048,1,0,Large,16101435
3,2048,1,0,Large,29645557
3,2048,1,0,Large,55733882
3,2048,1,0,Large,74510822
3,2048,1,0,Large,97059466
3,2048,1,0,Large,111513760
3,2048,1,0,Huge,25453950
3,2048,1,0,Huge,48832639
3,2048,1,0,Huge,80844717
3,2048,1,0,Huge,101542927
3,2048,1,0,Huge,121941595
3,2048,1,0,Huge,142185371
3,4096,1,1,Tiny,766707
3,4096,1,1,Tiny,689903
3,4096,1,1,Tiny,607240
3,4096,1,1,Tiny,513593
3,4096,1,1,Tiny,509149
3,4096,1,1,Small,1939183
3,4096,1,1,Small,2000849
3,4096,1,1,Small,2034701
3,4096,1,1,Small,2016008
3,4096,1,1,Small,2033323
3,4096,1,1,Medium,6606575
3,4096,1,1,Medium,4123811
3,4096,1,1,Medium,3173633
3,4096,1,1,Medium,3302239
3,4096,1,1,Medium,3411488
3,4096,1,1,Large,6309556
3,4096,1,1,Large,6169431
3,4096,1,1,Large,6341288
3,4096,1,1,Large,6052146
3,4096,1,1,Large,6340714
3,4096,1,1,Huge,10724953
3,4096,1,1,Huge,12024439
3,4096,1,1,Huge,11953103
3,4096,1,1,Huge,12505095
3,4096,1,1,Huge,16859411
3,4096,1,0,Tiny,874928
3,4096,1,0,Tiny,1201417
3,4096,1,0,Tiny,1779818
3,4096,1,0,Tiny,2235822
3,4096,1,0,Tiny,2662841
3,4096,1,0,Tiny,2956939
3,4096,1,0,Small,1876061
3,4096,1,0,Small,3434861
3,4096,1,0,Small,5168637
3,4096,1,0,Small,8418470
3,4096,1,0,Small,10062091
3,4096,1,0,Small,11633059
3,4096,1,0,Medium,3600157
3,4096,1,0,Medium,7246373
3,4096,1,0,Medium,12584964
3,4096,1,0,Medium,16298616
3,4096,1,0,Medium,21079045
3,4096,1,0,Medium,24494243
3,4096,1,0,Large,7615128
3,4096,1,0,Large,19495392
3,4096,1,0,Large,26399846
3,4096,1,0,Large,42192790
3,4096,1,0,Large,48801179
3,4096,1,0,Large,55256316
3,4096,1,0,Huge,11919095
3,4096,1,0,Huge,24008983
3,4096,1,0,Huge,35248122
3,4096,1,0,Huge,46551881
3,4096,1,0,Huge,56957892
3,8192,1,1,Tiny,584614
3,8192,1,1,Tiny,396019
3,8192,1,1,Tiny,402439
3,8192,1,1,Tiny,368783
3,8192,1,1,Tiny,472291
3,8192,1,1,Small,1177990
3,8192,1,1,Small,1160929
3,8192,1,1,Small,1211667
3,8192,1,1,Small,1130945
3,8192,1,1,Small,1074140
3,8192,1,1,Medium,2315068
3,8192,1,1,Medium,1824011
3,8192,1,1,Medium,1931059
3,8192,1,1,Medium,1870355
3,8192,1,1,Medium,1942237
3,8192,1,1,Large,3572214
3,8192,1,1,Large,3476076
3,8192,1,1,Large,3662881
3,8192,1,1,Large,3382000
3,8192,1,1,Large,3943327
3,8192,1,1,Huge,6268695
3,8192,1,1,Huge,6325956
3,8192,1,1,Huge,6371619
3,8192,1,1,Huge,6517295
3,8192,1,1,Huge,7083996
3,8192,1,0,Tiny,559473
3,8192,1,0,Tiny,1011744
3,8192,1,0,Tiny,1436564
3,8192,1,0,Tiny,1722584
3,8192,1,0,Tiny,2446076
3,8192,1,0,Tiny,2719285
3,8192,1,0,Small,1365534
3,8192,1,0,Small,2619036
3,8192,1,0,Small,14584957
3,8192,1,0,Small,15945925
3,8192,1,0,Small,17383765
3,8192,1,0,Small,18300499
3,8192,1,0,Medium,3078953
3,8192,1,0,Medium,6273611
3,8192,1,0,Medium,8766222
3,8192,1,0,Medium,11940048
3,8192,1,0,Medium,13220807
3,8192,1,0,Medium,16925986
3,8192,1,0,Large,5963678
3,8192,1,0,Large,10305024
3,8192,1,0,Large,15361232
3,8192,1,0,Large,19419827
3,8192,1,0,Large,27437337
3,8192,1,0,Large,23217568
3,8192,1,0,Huge,8049850
3,8192,1,0,Huge,14699651
3,8192,1,0,Huge,22200910
3,8192,1,0,Huge,28797440
3,8192,1,0,Huge,36632210
5,64,1,1,Tiny,10638750
5,64,1,1,Tiny,8477762
5,64,1,1,Tiny,8039291
5,64,1,1,Tiny,8246023
5,64,1,1,Tiny,7985591
5,64,1,1,Small,68058574
5,64,1,1,Small,55604381
5,64,1,1,Small,55628746
5,64,1,1,Small,55454991
5,64,1,1,Small,61001990
5,64,1,1,Medium,126108893
5,64,1,1,Medium,131077195
5,64,1,1,Medium,126729686
5,64,1,1,Medium,135463264
5,64,1,1,Medium,124436696
5,64,1,1,Large,243193819
5,64,1,1,Large,263339261
5,64,1,1,Large,280693542
5,64,1,1,Large,261917154
5,64,1,1,Large,258965111
5,64,1,1,Huge,491430616
5,64,1,1,Huge,510517990
5,64,1,1,Huge,525412942
5,64,1,1,Huge,511016428
5,64,1,1,Huge,494395427
5,64,1,0,Tiny,9801289
5,64,1,0,Tiny,18756582
5,64,1,0,Tiny,27545380
5,64,1,0,Tiny,36278207
5,64,1,0,Tiny,52718935
5,64,1,0,Tiny,60008982
5,64,1,0,Small,96325908
5,64,1,0,Small,192528472
5,64,1,0,Small,284591807
5,64,1,0,Small,358537071
5,64,1,0,Small,416620921
5,64,1,0,Medium,498334403
5,64,1,0,Medium,230795719
5,64,1,0,Medium,449254979
5,64,1,0,Medium,610259963
5,64,1,0,Medium,749875020
5,64,1,0,Medium,891791934
5,64,1,0,Medium,1058400321
5,64,1,0,Large,292370610
5,64,1,0,Large,582428926
5,64,1,0,Large,869653398
5,64,1,0,Large,1131287115
5,64,1,0,Large,1464741723
5,64,1,0,Huge,1728304693
5,64,1,0,Huge,799904014
5,64,1,0,Huge,1322237011
5,64,1,0,Huge,1837414708
5,64,1,0,Huge,2322472166
5,64,1,0,Huge,2861419106
5,64,1,0,Huge,3395615603
5,128,1,1,Tiny,7114817
5,128,1,1,Tiny,6603685
5,128,1,1,Tiny,6752884
5,128,1,1,Tiny,6641577
5,128,1,1,Tiny,6573774
5,128,1,1,Small,29599582
5,128,1,1,Small,28592971
5,128,1,1,Small,27466907
5,128,1,1,Small,26541441
5,128,1,1,Small,30295492
5,128,1,1,Medium,91033227
5,128,1,1,Medium,78878098
5,128,1,1,Medium,67632601
5,128,1,1,Medium,69034027
5,128,1,1,Medium,68594112
5,128,1,1,Large,135448497
5,128,1,1,Large,175053896
5,128,1,1,Large,139521928
5,128,1,1,Large,134960588
5,128,1,1,Large,123216051
5,128,1,1,Huge,222963395
5,128,1,1,Huge,234403729
5,128,1,1,Huge,242696234
5,128,1,1,Huge,247540220
5,128,1,1,Huge,241907291
5,128,1,0,Tiny,4799953
5,128,1,0,Tiny,9194681
5,128,1,0,Tiny,13564784
5,128,1,0,Tiny,17781043
5,128,1,0,Tiny,22091293
5,128,1,0,Tiny,25270064
5,128,1,0,Small,27480957
5,128,1,0,Small,54574176
5,128,1,0,Small,89030208
5,128,1,0,Small,117522012
5,128,1,0,Small,147085204
5,128,1,0,Small,176127703
5,128,1,0,Medium,66485447
5,128,1,0,Medium,132244900
5,128,1,0,Medium,205893792
5,128,1,0,Medium,274130796
5,128,1,0,Medium,339367246
5,128,1,0,Large,406412612
5,128,1,0,Large,194188718
5,128,1,0,Large,323973500
5,128,1,0,Large,502582591
5,128,1,0,Large,627626899
5,128,1,0,Large,759299556
5,128,1,0,Large,896173071
5,128,1,0,Huge,234568647
5,128,1,0,Huge,479817197
5,128,1,0,Huge,775786466
5,128,1,0,Huge,1027710647
5,128,1,0,Huge,1332872415
5,256,1,1,Tiny,7962132
5,256,1,1,Tiny,2684989
5,256,1,1,Tiny,2808893
5,256,1,1,Tiny,2770844
5,256,1,1,Tiny,2657979
5,256,1,1,Small,15734770
5,256,1,1,Small,14657663
5,256,1,1,Small,14728605
5,256,1,1,Small,15149909
5,256,1,1,Small,15081568
5,256,1,1,Medium,35965224
5,256,1,1,Medium,33962140
5,256,1,1,Medium,38949309
5,256,1,1,Medium,34600054
5,256,1,1,Medium,34181734
5,256,1,1,Large,67131016
5,256,1,1,Large,75409727
5,256,1,1,Large,67422098
5,256,1,1,Large,67143290
5,256,1,1,Large,69014071
5,256,1,1,Huge,131280719
5,256,1,1,Huge,130268974
5,256,1,1,Huge,130698918
5,256,1,1,Huge,122412369
5,256,1,1,Huge,133018158
5,256,1,0,Tiny,3016408
5,256,1,0,Tiny,5584126
5,256,1,0,Tiny,7896199
5,256,1,0,Tiny,13186529
5,256,1,0,Tiny,15706065
5,256,1,0,Small,19029898
5,256,1,0,Small,17854522
5,256,1,0,Small,32849364
5,256,1,0,Small,69757861
5,256,1,0,Small,115663073
5,256,1,0,Small,131254422
5,256,1,0,Medium,146452542
5,256,1,0,Medium,47240530
5,256,1,0,Medium,81494664
5,256,1,0,Medium,162371290
5,256,1,0,Medium,209743203
5,256,1,0,Medium,251312337
5,256,1,0,Medium,286714200
5,256,1,0,Large,67454490
5,256,1,0,Large,162723283
5,256,1,0,Large,231645179
5,256,1,0,Large,313673522
5,256,1,0,Large,404169007
5,256,1,0,Huge,480166175
5,256,1,0,Huge,198394677
5,256,1,0,Huge,354432221
5,256,1,0,Huge,489169835
5,256,1,0,Huge,612722123
5,256,1,0,Huge,747991545
5,256,1,0,Huge,908656124
5,512,1,1,Tiny,2117731
5,512,1,1,Tiny,1842530
5,512,1,1,Tiny,1906486
5,512,1,1,Tiny,2031899
5,512,1,1,Tiny,2035811
5,512,1,1,Small,12351063
5,512,1,1,Small,8778361
5,512,1,1,Small,8767196
5,512,1,1,Small,8768988
5,512,1,1,Small,8732362
5,512,1,1,Medium,28256919
5,512,1,1,Medium,21181972
5,512,1,1,Medium,19697523
5,512,1,1,Medium,19627300
5,512,1,1,Medium,19402992
5,512,1,1,Large,43748598
5,512,1,1,Large,38195161
5,512,1,1,Large,37756586
5,512,1,1,Large,38712610
5,512,1,1,Large,38657199
5,512,1,1,Huge,74442966
5,512,1,1,Huge,70278587
5,512,1,1,Huge,68851634
5,512,1,1,Huge,72850201
5,512,1,1,Huge,68399303
5,512,1,0,Tiny,1857225
5,512,1,0,Tiny,3856358
5,512,1,0,Tiny,5608058
5,512,1,0,Tiny,7367780
5,512,1,0,Tiny,11350216
5,512,1,0,Small,14584675
5,512,1,0,Small,14996483
5,512,1,0,Small,27685357
5,512,1,0,Small,39960003
5,512,1,0,Small,52598844
5,512,1,0,Small,61053715
5,512,1,0,Small,74566855
5,512,1,0,Medium,18036176
5,512,1,0,Medium,36165161
5,512,1,0,Medium,54150117
5,512,1,0,Medium,103586533
5,512,1,0,Medium,121284753
5,512,1,0,Medium,139375152
5,512,1,0,Large,35541759
5,512,1,0,Large,76087611
5,512,1,0,Large,113832550
5,512,1,0,Large,202501260
5,512,1,0,Large,235899178
5,512,1,0,Large,290477115
5,512,1,0,Huge,75600311
5,512,1,0,Huge,145024295
5,512,1,0,Huge,214971333
5,512,1,0,Huge,288326228
5,512,1,0,Huge,360606971
5,512,1,0,Huge,432427339
5,1024,1,1,Tiny,1443930
5,1024,1,1,Tiny,1005129
5,1024,1,1,Tiny,935030
5,1024,1,1,Tiny,1018746
5,1024,1,1,Tiny,1053101
5,1024,1,1,Small,5211555
5,1024,1,1,Small,4812581
5,1024,1,1,Small,4716972
5,1024,1,1,Small,4945418
5,1024,1,1,Small,4898150
5,1024,1,1,Medium,10452321
5,1024,1,1,Medium,10423785
5,1024,1,1,Medium,10222533
5,1024,1,1,Medium,10215102
5,1024,1,1,Medium,11889145
5,1024,1,1,Large,31496841
5,1024,1,1,Large,20099781
5,1024,1,1,Large,19584160
5,1024,1,1,Large,20406214
5,1024,1,1,Large,19739485
5,1024,1,1,Huge,36218265
5,1024,1,1,Huge,34919742
5,1024,1,1,Huge,35437296
5,1024,1,1,Huge,34474110
5,1024,1,1,Huge,34289459
5,1024,1,0,Tiny,1184418
5,1024,1,0,Tiny,2404167
5,1024,1,0,Tiny,4303153
5,1024,1,0,Tiny,5838155
5,1024,1,0,Tiny,6515125
5,1024,1,0,Tiny,10574386
5,1024,1,0,Small,6162505
5,1024,1,0,Small,10896796
5,1024,1,0,Small,17911867
5,1024,1,0,Small,22440560
5,1024,1,0,Small,26816691
5,1024,1,0,Small,31272805
5,1024,1,0,Medium,13826782
5,1024,1,0,Medium,23470312
5,1024,1,0,Medium,33020715
5,1024,1,0,Medium,42353752
5,1024,1,0,Medium,51827074
5,1024,1,0,Medium,64597328
5,1024,1,0,Large,19498446
5,1024,1,0,Large,37704239
5,1024,1,0,Large,56095108
5,1024,1,0,Large,74286553
5,1024,1,0,Large,92779061
5,1024,1,0,Large,112743281
5,1024,1,0,Huge,34654678
5,1024,1,0,Huge,68578967
5,1024,1,0,Huge,103051688
5,1024,1,0,Huge,137619370
5,1024,1,0,Huge,172047942
5,2048,1,1,Tiny,1093519
5,2048,1,1,Tiny,1116828
5,2048,1,1,Tiny,1027138
5,2048,1,1,Tiny,1029981
5,2048,1,1,Tiny,1157787
5,2048,1,1,Small,4101605
5,2048,1,1,Small,4047867
5,2048,1,1,Small,6489439
5,2048,1,1,Small,4047713
5,2048,1,1,Small,5701102
5,2048,1,1,Medium,9567341
5,2048,1,1,Medium,7415970
5,2048,1,1,Medium,10337910
5,2048,1,1,Medium,7608268
5,2048,1,1,Medium,7686129
5,2048,1,1,Large,14225475
5,2048,1,1,Large,14322130
5,2048,1,1,Large,14568739
5,2048,1,1,Large,17886572
5,2048,1,1,Large,18418220
5,2048,1,1,Huge,34709634
5,2048,1,1,Huge,26719378
5,2048,1,1,Huge,33281413
5,2048,1,1,Huge,35436371
5,2048,1,1,Huge,27703677
5,2048,1,0,Tiny,1182474
5,2048,1,0,Tiny,2095558
5,2048,1,0,Tiny,3304001
5,2048,1,0,Tiny,4453154
5,2048,1,0,Tiny,5416599
5,2048,1,0,Small,7394774
5,2048,1,0,Small,6317707
5,2048,1,0,Small,9446756
5,2048,1,0,Small,12328465
5,2048,1,0,Small,15450292
5,2048,1,0,Small,20648346
5,2048,1,0,Small,23686437
5,2048,1,0,Medium,7812299
5,2048,1,0,Medium,13910498
5,2048,1,0,Medium,20008054
5,2048,1,0,Medium,26339490
5,2048,1,0,Medium,32385678
5,2048,1,0,Medium,38886072
5,2048,1,0,Large,13278551
5,2048,1,0,Large,31665123
5,2048,1,0,Large,45370024
5,2048,1,0,Large,66359814
5,2048,1,0,Large,81408659
5,2048,1,0,Huge,106101754
5,2048,1,0,Huge,62896331
5,2048,1,0,Huge,92503331
5,2048,1,0,Huge,118222060
5,2048,1,0,Huge,140926768
5,2048,1,0,Huge,161320868
5,2048,1,0,Huge,182178718
5,4096,1,1,Tiny,833556
5,4096,1,1,Tiny,892246
5,4096,1,1,Tiny,787055
5,4096,1,1,Tiny,823334
5,4096,1,1,Tiny,720038
5,4096,1,1,Small,2773823
5,4096,1,1,Small,2704360
5,4096,1,1,Small,2809053
5,4096,1,1,Small,2760636
5,4096,1,1,Small,2763156
5,4096,1,1,Medium,5740925
5,4096,1,1,Medium,5022532
5,4096,1,1,Medium,4880747
5,4096,1,1,Medium,4805671
5,4096,1,1,Medium,4900511
5,4096,1,1,Large,9038995
5,4096,1,1,Large,9236521
5,4096,1,1,Large,9181682
5,4096,1,1,Large,10670789
5,4096,1,1,Large,21650202
5,4096,1,1,Huge,16574214
5,4096,1,1,Huge,17405249
5,4096,1,1,Huge,17220598
5,4096,1,1,Huge,17113702
5,4096,1,1,Huge,17537677
5,4096,1,0,Tiny,990287
5,4096,1,0,Tiny,1690341
5,4096,1,0,Tiny,2287677
5,4096,1,0,Tiny,2834584
5,4096,1,0,Tiny,3318993
5,4096,1,0,Small,3452817
5,4096,1,0,Small,2087004
5,4096,1,0,Small,3727729
5,4096,1,0,Small,7131613
5,4096,1,0,Small,8820581
5,4096,1,0,Small,10518195
5,4096,1,0,Small,12278803
5,4096,1,0,Medium,3991847
5,4096,1,0,Medium,7846784
5,4096,1,0,Medium,11942655
5,4096,1,0,Medium,18045640
5,4096,1,0,Medium,21039849
5,4096,1,0,Medium,24762097
5,4096,1,0,Large,7889765
5,4096,1,0,Large,14985672
5,4096,1,0,Large,21982431
5,4096,1,0,Large,29325068
5,4096,1,0,Large,36266975
5,4096,1,0,Huge,44225873
5,4096,1,0,Huge,19688294
5,4096,1,0,Huge,33555550
5,4096,1,0,Huge,46942709
5,4096,1,0,Huge,59582492
5,4096,1,0,Huge,75958600
5,4096,1,0,Huge,87725833
1,32,0,1,Tiny,49139854
1,32,0,1,Tiny,17781421
1,32,0,1,Tiny,15768876
1,32,0,1,Tiny,16127301
1,32,0,1,Tiny,15960733
1,32,0,1,Small,113454462
1,32,0,1,Small,110060250
1,32,0,1,Small,147782549
1,32,0,1,Small,127668694
1,32,0,1,Small,123661862
1,32,0,1,Medium,309642632
1,32,0,1,Medium,272003311
1,32,0,1,Medium,262504605
1,32,0,1,Medium,253556758
1,32,0,1,Medium,253292026
1,32,0,1,Large,510622438
1,32,0,1,Large,544353022
1,32,0,1,Large,506735630
1,32,0,1,Large,536720143
1,32,0,1,Large,522322879
1,32,0,1,Huge,982802208
1,32,0,1,Huge,1282794995
1,32,0,1,Huge,1143237574
1,32,0,1,Huge,995545086
1,32,0,1,Huge,1005228012
1,32,0,0,Tiny,19224191
1,32,0,0,Tiny,36579254
1,32,0,0,Tiny,55516694
1,32,0,0,Tiny,72227606
1,32,0,0,Tiny,88822436
1,32,0,0,Tiny,101618004
1,32,0,0,Small,117087886
1,32,0,0,Small,240880533
1,32,0,0,Small,364838254
1,32,0,0,Small,495865250
1,32,0,0,Small,629286793
1,32,0,0,Small,756033609
1,32,0,0,Medium,294598047
1,32,0,0,Medium,572140004
1,32,0,0,Medium,842238919
1,32,0,0,Medium,1121103502
1,32,0,0,Medium,1408219478
1,32,0,0,Medium,1681768436
1,32,0,0,Large,579493405
1,32,0,0,Large,1102194476
1,32,0,0,Large,1711426161
1,32,0,0,Large,2236407875
1,32,0,0,Large,2885676575
1,32,0,0,Large,3462784737
1,32,0,0,Huge,1064742016
1,32,0,0,Huge,2081244568
1,32,0,0,Huge,3221596341
1,32,0,0,Huge,4264519503
1,32,0,0,Huge,5314491002
1,64,0,1,Tiny,10486172
1,64,0,1,Tiny,9012404
1,64,0,1,Tiny,9037726
1,64,0,1,Tiny,8780720
1,64,0,1,Tiny,8672486
1,64,0,1,Small,65424990
1,64,0,1,Small,62602201
1,64,0,1,Small,62722141
1,64,0,1,Small,126869011
1,64,0,1,Small,56449688
1,64,0,1,Medium,143907585
1,64,0,1,Medium,142033201
1,64,0,1,Medium,144097851
1,64,0,1,Medium,152000477
1,64,0,1,Medium,128763399
1,64,0,1,Large,254854115
1,64,0,1,Large,264159666
1,64,0,1,Large,257203498
1,64,0,1,Large,306986557
1,64,0,1,Large,291612786
1,64,0,1,Huge,518557783
1,64,0,1,Huge,463810798
1,64,0,1,Huge,543885676
1,64,0,1,Huge,507523861
1,64,0,1,Huge,486441800
1,64,0,0,Tiny,9283469
1,64,0,0,Tiny,18057679
1,64,0,0,Tiny,29750614
1,64,0,0,Tiny,44485642
1,64,0,0,Tiny,53457940
1,64,0,0,Tiny,65600168
1,64,0,0,Small,73167586
1,64,0,0,Small,131811553
1,64,0,0,Small,197855375
1,64,0,0,Small,272504417
1,64,0,0,Small,337713334
1,64,0,0,Medium,408770147
1,64,0,0,Medium,212499412
1,64,0,0,Medium,359933631
1,64,0,0,Medium,507631389
1,64,0,0,Medium,639035313
1,64,0,0,Medium,769294444
1,64,0,0,Medium,923810739
1,64,0,0,Large,325661348
1,64,0,0,Large,646819346
1,64,0,0,Large,939539220
1,64,0,0,Large,1210909808
1,64,0,0,Large,1489021703
1,64,0,0,Large,1765187292
1,64,0,0,Huge,509410712
1,64,0,0,Huge,1009291011
1,64,0,0,Huge,1541841488
1,64,0,0,Huge,2091575212
1,64,0,0,Huge,2628828760
1,64,0,0,Huge,3122783041
1,128,0,1,Tiny,5219424
1,128,0,1,Tiny,4939255
1,128,0,1,Tiny,4321654
1,128,0,1,Tiny,4287318
1,128,0,1,Tiny,4349344
1,128,0,1,Small,34788349
1,128,0,1,Small,28698360
1,128,0,1,Small,28625124
1,128,0,1,Small,29022913
1,128,0,1,Small,28529379
1,128,0,1,Medium,90244629
1,128,0,1,Medium,74065340
1,128,0,1,Medium,80410815
1,128,0,1,Medium,70953596
1,128,0,1,Medium,66009199
1,128,0,1,Large,180012934
1,128,0,1,Large,145839952
1,128,0,1,Large,160547405
1,128,0,1,Large,128424676
1,128,0,1,Large,122147932
1,128,0,1,Huge,235186990
1,128,0,1,Huge,264002798
1,128,0,1,Huge,246012418
1,128,0,1,Huge,259861554
1,128,0,1,Huge,260069856
1,128,0,0,Tiny,5342902
1,128,0,0,Tiny,10618913
1,128,0,0,Tiny,18977017
1,128,0,0,Tiny,24023473
1,128,0,0,Tiny,28781171
1,128,0,0,Tiny,29981177
1,128,0,0,Small,30005867
1,128,0,0,Small,63073139
1,128,0,0,Small,102801810
1,128,0,0,Small,136421659
1,128,0,0,Small,212125742
1,128,0,0,Small,245506795
1,128,0,0,Medium,78961260
1,128,0,0,Medium,153576983
1,128,0,0,Medium,271724614
1,128,0,0,Medium,345301950
1,128,0,0,Medium,422358892
1,128,0,0,Large,513524735
1,128,0,0,Large,250874143
1,128,0,0,Large,402614587
1,128,0,0,Large,548092232
1,128,0,0,Large,697202690
1,128,0,0,Large,826451916
1,128,0,0,Huge,990448039
1,128,0,0,Huge,420818006
1,128,0,0,Huge,680626087
1,128,0,0,Huge,948343065
1,128,0,0,Huge,1238430574
1,128,0,0,Huge,1506800534
1,128,0,0,Huge,1776920110
1,256,0,1,Tiny,2646937
1,256,0,1,Tiny,2564675
1,256,0,1,Tiny,2640638
1,256,0,1,Tiny,2501973
1,256,0,1,Tiny,2722856
1,256,0,1,Small,15785025
1,256,0,1,Small,15607908
1,256,0,1,Small,16508252
1,256,0,1,Small,15004926
1,256,0,1,Small,15813068
1,256,0,1,Medium,34848425
1,256,0,1,Medium,58371186
1,256,0,1,Medium,59351740
1,256,0,1,Medium,36397240
1,256,0,1,Medium,34437677
1,256,0,1,Large,90216961
1,256,0,1,Large,84419595
1,256,0,1,Large,74041783
1,256,0,1,Large,72414504
1,256,0,1,Large,69012555
1,256,0,1,Huge,152613312
1,256,0,1,Huge,130594249
1,256,0,1,Huge,127147967
1,256,0,1,Huge,137305022
1,256,0,1,Huge,133443144
1,256,0,0,Tiny,2652923
1,256,0,0,Tiny,5752149
1,256,0,0,Tiny,12105161
1,256,0,0,Tiny,14610912
1,256,0,0,Tiny,17171784
1,256,0,0,Tiny,17193038
1,256,0,0,Small,16678849
1,256,0,0,Small,32589206
1,256,0,0,Small,57875919
1,256,0,0,Small,82359561
1,256,0,0,Small,126845898
1,256,0,0,Small,145484095
1,256,0,0,Medium,37463552
1,256,0,0,Medium,87184942
1,256,0,0,Medium,146696377
1,256,0,0,Medium,213980411
1,256,0,0,Medium,248651946
1,256,0,0,Large,285349005
1,256,0,0,Large,107028007
1,256,0,0,Large,176723339
1,256,0,0,Large,248096274
1,256,0,0,Large,331512611
1,256,0,0,Large,407174594
1,256,0,0,Huge,483975803
1,256,0,0,Huge,221506135
1,256,0,0,Huge,363110475
1,256,0,0,Huge,504253482
1,256,0,0,Huge,667774425
1,256,0,0,Huge,824424212
1,256,0,0,Huge,970551519
1,512,0,1,Tiny,3733805
1,512,0,1,Tiny,3482504
1,512,0,1,Tiny,3406048
1,512,0,1,Tiny,3472829
1,512,0,1,Tiny,3350918
1,512,0,1,Small,23731056
1,512,0,1,Small,19126803
1,512,0,1,Small,8945997
1,512,0,1,Small,8533283
1,512,0,1,Small,8493912
1,512,0,1,Medium,19642178
1,512,0,1,Medium,22167448
1,512,0,1,Medium,19923612
1,512,0,1,Medium,19635904
1,512,0,1,Medium,20195475
1,512,0,1,Large,48838770
1,512,0,1,Large,40969566
1,512,0,1,Large,39740963
1,512,0,1,Large,36733364
1,512,0,1,Large,35654773
1,512,0,1,Huge,68258320
1,512,0,1,Huge,69154939
1,512,0,1,Huge,72112673
1,512,0,1,Huge,89508277
1,512,0,1,Huge,69457614
1,512,0,0,Tiny,1863850
1,512,0,0,Tiny,3453518
1,512,0,0,Tiny,4936639
1,512,0,0,Tiny,6704490
1,512,0,0,Tiny,9925842
1,512,0,0,Tiny,10910959
1,512,0,0,Small,9374287
1,512,0,0,Small,18394411
1,512,0,0,Small,35839657
1,512,0,0,Small,51424306
1,512,0,0,Small,61475548
1,512,0,0,Small,68304304
1,512,0,0,Medium,19944201
1,512,0,0,Medium,40672602
1,512,0,0,Medium,85172057
1,512,0,0,Medium,107838109
1,512,0,0,Medium,152137779
1,512,0,0,Medium,176263293
1,512,0,0,Large,51202311
1,512,0,0,Large,92531662
1,512,0,0,Large,135088423
1,512,0,0,Large,176843289
1,512,0,0,Large,239648584
1,512,0,0,Large,277074535
1,512,0,0,Huge,74456808
1,512,0,0,Huge,150714962
1,512,0,0,Huge,228735613
1,512,0,0,Huge,307264893
1,512,0,0,Huge,394801102
1,1024,0,1,Tiny,2119257
1,1024,0,1,Tiny,967750
1,1024,0,1,Tiny,934513
1,1024,0,1,Tiny,925176
1,1024,0,1,Tiny,1013239
1,1024,0,1,Small,5508528
1,1024,0,1,Small,5256668
1,1024,0,1,Small,4780199
1,1024,0,1,Small,5023734
1,1024,0,1,Small,10928813
1,1024,0,1,Medium,21251125
1,1024,0,1,Medium,14652630
1,1024,0,1,Medium,10493190
1,1024,0,1,Medium,10460361
1,1024,0,1,Medium,10546621
1,1024,0,1,Large,20665635
1,1024,0,1,Large,24922149
1,1024,0,1,Large,20184898
1,1024,0,1,Large,22611102
1,1024,0,1,Large,19515542
1,1024,0,1,Huge,37528062
1,1024,0,1,Huge,36787675
1,1024,0,1,Huge,35673192
1,1024,0,1,Huge,37414627
1,1024,0,1,Huge,39328843
1,1024,0,0,Tiny,1048398
1,1024,0,0,Tiny,2202276
1,1024,0,0,Tiny,3297054
1,1024,0,0,Tiny,3742202
1,1024,0,0,Tiny,5324944
1,1024,0,0,Tiny,5939725
1,1024,0,0,Small,5026576
1,1024,0,0,Small,9705451
1,1024,0,0,Small,14172783
1,1024,0,0,Small,18425618
1,1024,0,0,Small,30585308
1,1024,0,0,Small,32739706
1,1024,0,0,Medium,11434117
1,1024,0,0,Medium,22028404
1,1024,0,0,Medium,33466225
1,1024,0,0,Medium,43432926
1,1024,0,0,Medium,66274606
1,1024,0,0,Medium,76112027
1,1024,0,0,Large,38244284
1,1024,0,0,Large,58438050
1,1024,0,0,Large,80708403
1,1024,0,0,Large,101030369
1,1024,0,0,Large,124846313
1,1024,0,0,Huge,147360361
1,1024,0,0,Huge,57655885
1,1024,0,0,Huge,94040999
1,1024,0,0,Huge,131417440
1,1024,0,0,Huge,167853691
1,1024,0,0,Huge,209974725
1,1024,0,0,Huge,243390427
1,2048,0,1,Tiny,860504
1,2048,0,1,Tiny,623989
1,2048,0,1,Tiny,710283
1,2048,0,1,Tiny,583824
1,2048,0,1,Tiny,672878
1,2048,0,1,Small,3415479
1,2048,0,1,Small,2983625
1,2048,0,1,Small,3067301
1,2048,0,1,Small,3059973
1,2048,0,1,Small,2967325
1,2048,0,1,Medium,6676196
1,2048,0,1,Medium,5399185
1,2048,0,1,Medium,5244065
1,2048,0,1,Medium,5361167
1,2048,0,1,Medium,5384984
1,2048,0,1,Large,10607915
1,2048,0,1,Large,10194924
1,2048,0,1,Large,15206375
1,2048,0,1,Large,11961946
1,2048,0,1,Large,12072093
1,2048,0,1,Huge,20725683
1,2048,0,1,Huge,20300975
1,2048,0,1,Huge,20681029
1,2048,0,1,Huge,22010625
1,2048,0,1,Huge,20161115
1,2048,0,0,Tiny,891408
1,2048,0,0,Tiny,1706331
1,2048,0,0,Tiny,2810077
1,2048,0,0,Tiny,3276764
1,2048,0,0,Tiny,4035267
1,2048,0,0,Tiny,4066995
1,2048,0,0,Small,3008384
1,2048,0,0,Small,6070387
1,2048,0,0,Small,12104611
1,2048,0,0,Small,14698614
1,2048,0,0,Small,17842423
1,2048,0,0,Small,18445833
1,2048,0,0,Medium,6422042
1,2048,0,0,Medium,15788222
1,2048,0,0,Medium,29164213
1,2048,0,0,Medium,41064902
1,2048,0,0,Medium,47529868
1,2048,0,0,Medium,52678469
1,2048,0,0,Large,13994569
1,2048,0,0,Large,26503773
1,2048,0,0,Large,38933468
1,2048,0,0,Large,51119735
1,2048,0,0,Large,78437707
1,2048,0,0,Large,91673132
1,2048,0,0,Huge,21856680
1,2048,0,0,Huge,49553514
1,2048,0,0,Huge,99605581
1,2048,0,0,Huge,120568275
1,2048,0,0,Huge,163119314
1,4096,0,1,Tiny,595136
1,4096,0,1,Tiny,555970
1,4096,0,1,Tiny,530950
1,4096,0,1,Tiny,517614
1,4096,0,1,Tiny,554250
1,4096,0,1,Small,1964206
1,4096,0,1,Small,2028677
1,4096,0,1,Small,1988039
1,4096,0,1,Small,1840754
1,4096,0,1,Small,1888879
1,4096,0,1,Medium,4116477
1,4096,0,1,Medium,3265094
1,4096,0,1,Medium,3428847
1,4096,0,1,Medium,3220074
1,4096,0,1,Medium,3442525
1,4096,0,1,Large,6675896
1,4096,0,1,Large,6570217
1,4096,0,1,Large,6146696
1,4096,0,1,Large,7828782
1,4096,0,1,Large,6900587
1,4096,0,1,Huge,13619578
1,4096,0,1,Huge,12813991
1,4096,0,1,Huge,12411269
1,4096,0,1,Huge,12601603
1,4096,0,1,Huge,12146932
1,4096,0,0,Tiny,849230
1,4096,0,0,Tiny,1440079
1,4096,0,0,Tiny,2246171
1,4096,0,0,Tiny,2572217
1,4096,0,0,Tiny,2691888
1,4096,0,0,Tiny,3318988
1,4096,0,0,Small,1916035
1,4096,0,0,Small,3691067
1,4096,0,0,Small,3809091
1,4096,0,0,Small,5550089
1,4096,0,0,Small,8623371
1,4096,0,0,Small,10597546
1,4096,0,0,Medium,4101603
1,4096,0,0,Medium,8026960
1,4096,0,0,Medium,15929987
1,4096,0,0,Medium,19705928
1,4096,0,0,Medium,23308464
1,4096,0,0,Medium,27174694
1,4096,0,0,Large,13874805
1,4096,0,0,Large,18615589
1,4096,0,0,Large,31985197
1,4096,0,0,Large,39189591
1,4096,0,0,Large,53820449
1,4096,0,0,Large,68865281
1,4096,0,0,Huge,16884059
1,4096,0,0,Huge,32185521
1,4096,0,0,Huge,44123076
1,4096,0,0,Huge,55332442
1,4096,0,0,Huge,67115888
1,4096,0,0,Huge,78639659
1,8192,0,1,Tiny,591188
1,8192,0,1,Tiny,391003
1,8192,0,1,Tiny,417205
1,8192,0,1,Tiny,467122
1,8192,0,1,Tiny,362978
1,8192,0,1,Small,1433907
1,8192,0,1,Small,1512438
1,8192,0,1,Small,1423464
1,8192,0,1,Small,1450934
1,8192,0,1,Small,1440074
1,8192,0,1,Medium,2978172
1,8192,0,1,Medium,2604153
1,8192,0,1,Medium,2693596
1,8192,0,1,Medium,2707121
1,8192,0,1,Medium,2568516
1,8192,0,1,Large,4767624
1,8192,0,1,Large,5462452
1,8192,0,1,Large,5053239
1,8192,0,1,Large,4812600
1,8192,0,1,Large,4815132
1,8192,0,1,Huge,9052924
1,8192,0,1,Huge,8989208
1,8192,0,1,Huge,8596754
1,8192,0,1,Huge,8384175
1,8192,0,1,Huge,11270336
1,8192,0,0,Tiny,527438
1,8192,0,0,Tiny,517412
1,8192,0,0,Tiny,1176864
1,8192,0,0,Tiny,1589902
1,8192,0,0,Tiny,807000
1,8192,0,0,Tiny,1225926
1,8192,0,0,Small,1841016
1,8192,0,0,Small,3140276
1,8192,0,0,Small,4178182
1,8192,0,0,Small,5197065
1,8192,0,0,Small,6195381
1,8192,0,0,Small,2977738
1,8192,0,0,Medium,3968344
1,8192,0,0,Medium,6315689
1,8192,0,0,Medium,8671468
1,8192,0,0,Medium,10786404
1,8192,0,0,Medium,13002661
1,8192,0,0,Medium,15096359
1,8192,0,0,Large,4111660
1,8192,0,0,Large,8447968
1,8192,0,0,Large,16148142
1,8192,0,0,Large,20343051
1,8192,0,0,Large,24248687
1,8192,0,0,Large,28394934
1,8192,0,0,Huge,7357453
1,8192,0,0,Huge,14336413
1,8192,0,0,Huge,21255377
1,8192,0,0,Huge,33553861
1,8192,0,0,Huge,47481104
1,8192,0,0,Huge,54650256
3,32,0,1,Tiny,17069141
3,32,0,1,Tiny,17869104
3,32,0,1,Tiny,17657340
3,32,0,1,Tiny,16720938
3,32,0,1,Tiny,16393426
3,32,0,1,Small,109257311
3,32,0,1,Small,118566128
3,32,0,1,Small,117400579
3,32,0,1,Small,116164912
3,32,0,1,Small,130060498
3,32,0,1,Medium,303333964
3,32,0,1,Medium,289492249
3,32,0,1,Medium,282805381
3,32,0,1,Medium,279903489
3,32,0,1,Medium,278309228
3,32,0,1,Large,541269969
3,32,0,1,Large,547701363
3,32,0,1,Large,536224750
3,32,0,1,Large,509811202
3,32,0,1,Large,519992972
3,32,0,1,Huge,939497315
3,32,0,1,Huge,944790762
3,32,0,1,Huge,1002861979
3,32,0,1,Huge,1024755871
3,32,0,1,Huge,1008439765
3,32,0,0,Tiny,18448939
3,32,0,0,Tiny,36194166
3,32,0,0,Tiny,53582678
3,32,0,0,Tiny,69713667
3,32,0,0,Tiny,89439640
3,32,0,0,Tiny,112827655
3,32,0,0,Small,119905630
3,32,0,0,Small,248112465
3,32,0,0,Small,368561122
3,32,0,0,Small,484513818
3,32,0,0,Small,609911890
3,32,0,0,Small,724669402
3,32,0,0,Medium,264793587
3,32,0,0,Medium,526369492
3,32,0,0,Medium,794624438
3,32,0,0,Medium,1048282988
3,32,0,0,Medium,1320529679
3,32,0,0,Medium,1599834257
3,32,0,0,Large,537461158
3,32,0,0,Large,1120132551
3,32,0,0,Large,1710699902
3,32,0,0,Large,2282835648
3,32,0,0,Large,2825057097
3,32,0,0,Huge,3383077974
3,32,0,0,Huge,1659344652
3,32,0,0,Huge,2746607087
3,32,0,0,Huge,3801090139
3,32,0,0,Huge,4804771580
3,32,0,0,Huge,5878730765
3,64,0,1,Tiny,26290328
3,64,0,1,Tiny,26091435
3,64,0,1,Tiny,25130680
3,64,0,1,Tiny,15029804
3,64,0,1,Tiny,7896338
3,64,0,1,Small,54475866
3,64,0,1,Small,53929574
3,64,0,1,Small,53422982
3,64,0,1,Small,53634916
3,64,0,1,Small,56337493
3,64,0,1,Medium,125126220
3,64,0,1,Medium,132778797
3,64,0,1,Medium,141991161
3,64,0,1,Medium,135671425
3,64,0,1,Medium,134047672
3,64,0,1,Large,266776274
3,64,0,1,Large,258094169
3,64,0,1,Large,285414316
3,64,0,1,Large,252513362
3,64,0,1,Large,245387386
3,64,0,1,Huge,468204861
3,64,0,1,Huge,473285448
3,64,0,1,Huge,471488793
3,64,0,1,Huge,469280711
3,64,0,1,Huge,455040489
3,64,0,0,Tiny,8434642
3,64,0,0,Tiny,21450897
3,64,0,0,Tiny,47568521
3,64,0,0,Tiny,56087192
3,64,0,0,Tiny,72117467
3,64,0,0,Tiny,68101881
3,64,0,0,Small,62255176
3,64,0,0,Small,121221708
3,64,0,0,Small,183350648
3,64,0,0,Small,250471972
3,64,0,0,Small,308093589
3,64,0,0,Small,377830366
3,64,0,0,Medium,131932476
3,64,0,0,Medium,292138477
3,64,0,0,Medium,449586758
3,64,0,0,Medium,583733973
3,64,0,0,Medium,729402816
3,64,0,0,Medium,859884973
3,64,0,0,Large,264556442
3,64,0,0,Large,534663413
3,64,0,0,Large,846641681
3,64,0,0,Large,1116705147
3,64,0,0,Large,1419968776
3,64,0,0,Large,1701890033
3,64,0,0,Huge,545601566
3,64,0,0,Huge,1023901582
3,64,0,0,Huge,1554891059
3,64,0,0,Huge,2062339133
3,64,0,0,Huge,2625608537
3,64,0,0,Huge,3149450421
3,128,0,1,Tiny,4366867
3,128,0,1,Tiny,5179889
3,128,0,1,Tiny,4561030
3,128,0,1,Tiny,4009307
3,128,0,1,Tiny,4166061
3,128,0,1,Small,27775663
3,128,0,1,Small,34573961
3,128,0,1,Small,44000699
3,128,0,1,Small,26541188
3,128,0,1,Small,28602440
3,128,0,1,Medium,63074919
3,128,0,1,Medium,83316426
3,128,0,1,Medium,62687187
3,128,0,1,Medium,68981458
3,128,0,1,Medium,78963352
3,128,0,1,Large,126279381
3,128,0,1,Large,127586777
3,128,0,1,Large,133257896
3,128,0,1,Large,124235098
3,128,0,1,Large,128646973
3,128,0,1,Huge,239434227
3,128,0,1,Huge,255463931
3,128,0,1,Huge,251940172
3,128,0,1,Huge,229631902
3,128,0,1,Huge,231737498
3,128,0,0,Tiny,4550374
3,128,0,0,Tiny,9231584
3,128,0,0,Tiny,13405472
3,128,0,0,Tiny,17948744
3,128,0,0,Tiny,28289028
3,128,0,0,Tiny,31486639
3,128,0,0,Small,31666129
3,128,0,0,Small,60670213
3,128,0,0,Small,89069472
3,128,0,0,Small,117246146
3,128,0,0,Small,154681598
3,128,0,0,Small,180251376
3,128,0,0,Medium,67679222
3,128,0,0,Medium,133457211
3,128,0,0,Medium,203895632
3,128,0,0,Medium,274116631
3,128,0,0,Medium,342044953
3,128,0,0,Medium,406627432
3,128,0,0,Large,135656002
3,128,0,0,Large,262005903
3,128,0,0,Large,430292311
3,128,0,0,Large,556674987
3,128,0,0,Large,695516684
3,128,0,0,Large,832248962
3,128,0,0,Huge,273008766
3,128,0,0,Huge,541114122
3,128,0,0,Huge,848820269
3,128,0,0,Huge,1120806441
3,128,0,0,Huge,1389365587
3,256,0,1,Tiny,6901624
3,256,0,1,Tiny,6817389
3,256,0,1,Tiny,6741458
3,256,0,1,Tiny,6764482
3,256,0,1,Tiny,6901492
3,256,0,1,Small,32032016
3,256,0,1,Small,15875432
3,256,0,1,Small,16048243
3,256,0,1,Small,14926515
3,256,0,1,Small,14614809
3,256,0,1,Medium,38806898
3,256,0,1,Medium,34535881
3,256,0,1,Medium,52992848
3,256,0,1,Medium,37357843
3,256,0,1,Medium,36210156
3,256,0,1,Large,73420212
3,256,0,1,Large,71347254
3,256,0,1,Large,68840389
3,256,0,1,Large,69662109
3,256,0,1,Large,85612150
3,256,0,1,Huge,168049585
3,256,0,1,Huge,137998295
3,256,0,1,Huge,145754071
3,256,0,1,Huge,138863474
3,256,0,1,Huge,142410776
3,256,0,0,Tiny,2621022
3,256,0,0,Tiny,5651192
3,256,0,0,Tiny,8102671
3,256,0,0,Tiny,11064508
3,256,0,0,Tiny,11048750
3,256,0,0,Tiny,13464666
3,256,0,0,Small,17214937
3,256,0,0,Small,32841572
3,256,0,0,Small,48859721
3,256,0,0,Small,65989573
3,256,0,0,Small,88238046
3,256,0,0,Small,104652307
3,256,0,0,Medium,38319973
3,256,0,0,Medium,85139274
3,256,0,0,Medium,135176685
3,256,0,0,Medium,170179467
3,256,0,0,Medium,204778140
3,256,0,0,Medium,257266366
3,256,0,0,Large,75204218
3,256,0,0,Large,148456343
3,256,0,0,Large,224981234
3,256,0,0,Large,299134356
3,256,0,0,Large,398260674
3,256,0,0,Huge,472417178
3,256,0,0,Huge,208461636
3,256,0,0,Huge,382947870
3,256,0,0,Huge,523488239
3,256,0,0,Huge,681855551
3,256,0,0,Huge,821067420
3,256,0,0,Huge,986551289
3,512,0,1,Tiny,2065572
3,512,0,1,Tiny,1471863
3,512,0,1,Tiny,1412753
3,512,0,1,Tiny,1351008
3,512,0,1,Tiny,1458211
3,512,0,1,Small,8802693
3,512,0,1,Small,7959639
3,512,0,1,Small,7970652
3,512,0,1,Small,8001847
3,512,0,1,Small,10219327
3,512,0,1,Medium,28756985
3,512,0,1,Medium,31729974
3,512,0,1,Medium,17745156
3,512,0,1,Medium,17782057
3,512,0,1,Medium,18012521
3,512,0,1,Large,38427930
3,512,0,1,Large,36976722
3,512,0,1,Large,37323251
3,512,0,1,Large,41167830
3,512,0,1,Large,34866138
3,512,0,1,Huge,72107681
3,512,0,1,Huge,72480785
3,512,0,1,Huge,67985837
3,512,0,1,Huge,69247909
3,512,0,1,Huge,73019140
3,512,0,0,Tiny,2225971
3,512,0,0,Tiny,3721242
3,512,0,0,Tiny,5369397
3,512,0,0,Tiny,6810888
3,512,0,0,Tiny,8005705
3,512,0,0,Tiny,11197962
3,512,0,0,Small,8299606
3,512,0,0,Small,16882154
3,512,0,0,Small,40539280
3,512,0,0,Small,51796947
3,512,0,0,Small,64869719
3,512,0,0,Medium,77225951
3,512,0,0,Medium,36231920
3,512,0,0,Medium,54154310
3,512,0,0,Medium,72354116
3,512,0,0,Medium,101610463
3,512,0,0,Medium,131493588
3,512,0,0,Medium,147347246
3,512,0,0,Large,36709615
3,512,0,0,Large,73960396
3,512,0,0,Large,115469712
3,512,0,0,Large,157157034
3,512,0,0,Large,194450230
3,512,0,0,Large,262052738
3,512,0,0,Huge,73272604
3,512,0,0,Huge,142997572
3,512,0,0,Huge,229475456
3,512,0,0,Huge,320300827
3,512,0,0,Huge,393959952
3,1024,0,1,Tiny,2158779
3,1024,0,1,Tiny,1889561
3,1024,0,1,Tiny,1854586
3,1024,0,1,Tiny,1882989
3,1024,0,1,Tiny,1771642
3,1024,0,1,Small,11619689
3,1024,0,1,Small,11980899
3,1024,0,1,Small,12046618
3,1024,0,1,Small,12647580
3,1024,0,1,Small,18025151
3,1024,0,1,Medium,14304351
3,1024,0,1,Medium,10314347
3,1024,0,1,Medium,10040218
3,1024,0,1,Medium,9993392
3,1024,0,1,Medium,10462256
3,1024,0,1,Large,19998230
3,1024,0,1,Large,24397339
3,1024,0,1,Large,24991130
3,1024,0,1,Large,21581525
3,1024,0,1,Large,21841604
3,1024,0,1,Huge,53402610
3,1024,0,1,Huge,40701431
3,1024,0,1,Huge,54390641
3,1024,0,1,Huge,53465860
3,1024,0,1,Huge,39807399
3,1024,0,0,Tiny,1068613
3,1024,0,0,Tiny,2755987
3,1024,0,0,Tiny,4581163
3,1024,0,0,Tiny,4663355
3,1024,0,0,Tiny,5622751
3,1024,0,0,Tiny,4855327
3,1024,0,0,Small,6030602
3,1024,0,0,Small,11485793
3,1024,0,0,Small,20711773
3,1024,0,0,Small,20223178
3,1024,0,0,Small,25158258
3,1024,0,0,Small,30755655
3,1024,0,0,Medium,10809222
3,1024,0,0,Medium,21586661
3,1024,0,0,Medium,36849952
3,1024,0,0,Medium,46811055
3,1024,0,0,Medium,57816985
3,1024,0,0,Medium,67739975
3,1024,0,0,Large,19875424
3,1024,0,0,Large,39669786
3,1024,0,0,Large,60452558
3,1024,0,0,Large,80560390
3,1024,0,0,Large,100338097
3,1024,0,0,Huge,129596775
3,1024,0,0,Huge,64590724
3,1024,0,0,Huge,122650915
3,1024,0,0,Huge,173035262
3,1024,0,0,Huge,233788352
3,1024,0,0,Huge,292647739
3,2048,0,1,Tiny,1413369
3,2048,0,1,Tiny,1286127
3,2048,0,1,Tiny,1296207
3,2048,0,1,Tiny,1303052
3,2048,0,1,Tiny,1317381
3,2048,0,1,Small,7168948
3,2048,0,1,Small,7090628
3,2048,0,1,Small,7057145
3,2048,0,1,Small,7025981
3,2048,0,1,Small,7791177
3,2048,0,1,Medium,19352115
3,2048,0,1,Medium,9768378
3,2048,0,1,Medium,9070679
3,2048,0,1,Medium,8759891
3,2048,0,1,Medium,5971547
3,2048,0,1,Large,11817840
3,2048,0,1,Large,11785347
3,2048,0,1,Large,11281511
3,2048,0,1,Large,16855377
3,2048,0,1,Large,11434479
3,2048,0,1,Huge,20946353
3,2048,0,1,Huge,22391923
3,2048,0,1,Huge,22295413
3,2048,0,1,Huge,25217879
3,2048,0,1,Huge,22285106
3,2048,0,0,Tiny,714887
3,2048,0,0,Tiny,1453367
3,2048,0,0,Tiny,2599907
3,2048,0,0,Tiny,3239772
3,2048,0,0,Tiny,3888361
3,2048,0,0,Tiny,3833979
3,2048,0,0,Small,2835531
3,2048,0,0,Small,5568266
3,2048,0,0,Small,8112835
3,2048,0,0,Small,11122673
3,2048,0,0,Small,13573743
3,2048,0,0,Small,16293636
3,2048,0,0,Medium,6575168
3,2048,0,0,Medium,12491436
3,2048,0,0,Medium,26408534
3,2048,0,0,Medium,32353902
3,2048,0,0,Medium,37971099
3,2048,0,0,Large,51016527
3,2048,0,0,Large,24597495
3,2048,0,0,Large,35918397
3,2048,0,0,Large,46605410
3,2048,0,0,Large,56830792
3,2048,0,0,Large,67583675
3,2048,0,0,Large,82454374
3,2048,0,0,Huge,21274406
3,2048,0,0,Huge,42476970
3,2048,0,0,Huge,77098249
3,2048,0,0,Huge,98292962
3,2048,0,0,Huge,125060649
3,2048,0,0,Huge,144002546
3,4096,0,1,Tiny,682096
3,4096,0,1,Tiny,536518
3,4096,0,1,Tiny,527339
3,4096,0,1,Tiny,482551
3,4096,0,1,Tiny,559836
3,4096,0,1,Small,2489996
3,4096,0,1,Small,2343259
3,4096,0,1,Small,2344590
3,4096,0,1,Small,2145687
3,4096,0,1,Small,2001009
3,4096,0,1,Medium,4234826
3,4096,0,1,Medium,3345618
3,4096,0,1,Medium,3456222
3,4096,0,1,Medium,3513718
3,4096,0,1,Medium,13112076
3,4096,0,1,Large,7360575
3,4096,0,1,Large,12390804
3,4096,0,1,Large,9488734
3,4096,0,1,Large,8061591
3,4096,0,1,Large,7404690
3,4096,0,1,Huge,13285823
3,4096,0,1,Huge,12800623
3,4096,0,1,Huge,12264164
3,4096,0,1,Huge,14061634
3,4096,0,1,Huge,12746304
3,4096,0,0,Tiny,585955
3,4096,0,0,Tiny,1008739
3,4096,0,0,Tiny,1816327
3,4096,0,0,Tiny,2400187
3,4096,0,0,Tiny,2805521
3,4096,0,0,Tiny,3327918
3,4096,0,0,Small,1705501
3,4096,0,0,Small,3523566
3,4096,0,0,Small,7167099
3,4096,0,0,Small,8981085
3,4096,0,0,Small,10687274
3,4096,0,0,Small,10641896
3,4096,0,0,Medium,3681364
3,4096,0,0,Medium,11681637
3,4096,0,0,Medium,15537330
3,4096,0,0,Medium,18132276
3,4096,0,0,Medium,21669171
3,4096,0,0,Medium,25354354
3,4096,0,0,Large,7203332
3,4096,0,0,Large,14219758
3,4096,0,0,Large,29802595
3,4096,0,0,Large,43978408
3,4096,0,0,Large,37207217
3,4096,0,0,Large,50643696
3,4096,0,0,Huge,13218190
3,4096,0,0,Huge,25522615
3,4096,0,0,Huge,43207648
3,4096,0,0,Huge,55850078
3,4096,0,0,Huge,83833862
3,4096,0,0,Huge,96046068
3,8192,0,1,Tiny,453216
3,8192,0,1,Tiny,320033
3,8192,0,1,Tiny,333659
3,8192,0,1,Tiny,293197
3,8192,0,1,Tiny,315694
3,8192,0,1,Small,1060083
3,8192,0,1,Small,1063015
3,8192,0,1,Small,997955
3,8192,0,1,Small,1074886
3,8192,0,1,Small,1121469
3,8192,0,1,Medium,2245219
3,8192,0,1,Medium,1768609
3,8192,0,1,Medium,1806277
3,8192,0,1,Medium,1803150
3,8192,0,1,Medium,1793737
3,8192,0,1,Large,3542042
3,8192,0,1,Large,3252485
3,8192,0,1,Large,3289982
3,8192,0,1,Large,3252152
3,8192,0,1,Large,3473893
3,8192,0,1,Huge,6013174
3,8192,0,1,Huge,6644833
3,8192,0,1,Huge,10253501
3,8192,0,1,Huge,6378497
3,8192,0,1,Huge,6166094
3,8192,0,0,Tiny,586382
3,8192,0,0,Tiny,1191203
3,8192,0,0,Tiny,1651463
3,8192,0,0,Tiny,1634576
3,8192,0,0,Tiny,2135028
3,8192,0,0,Tiny,2256560
3,8192,0,0,Small,1052721
3,8192,0,0,Small,2342066
3,8192,0,0,Small,4265030
3,8192,0,0,Small,5341203
3,8192,0,0,Small,5312600
3,8192,0,0,Medium,6335984
3,8192,0,0,Medium,2260364
3,8192,0,0,Medium,7336951
3,8192,0,0,Medium,10512567
3,8192,0,0,Medium,14676997
3,8192,0,0,Medium,17098908
3,8192,0,0,Medium,18451179
3,8192,0,0,Large,4197063
3,8192,0,0,Large,11424086
3,8192,0,0,Large,16652915
3,8192,0,0,Large,21016188
3,8192,0,0,Large,24716052
3,8192,0,0,Large,27812024
3,8192,0,0,Huge,7670186
3,8192,0,0,Huge,16666781
3,8192,0,0,Huge,22319351
3,8192,0,0,Huge,28884309
3,8192,0,0,Huge,35674119
5,32,0,1,Tiny,48034033
5,32,0,1,Tiny,23204886
5,32,0,1,Tiny,15778890
5,32,0,1,Tiny,15459147
5,32,0,1,Tiny,16698014
5,32,0,1,Small,111522754
5,32,0,1,Small,109369894
5,32,0,1,Small,108165829
5,32,0,1,Small,111205888
5,32,0,1,Small,110486391
5,32,0,1,Medium,248189462
5,32,0,1,Medium,282688192
5,32,0,1,Medium,255161891
5,32,0,1,Medium,269544766
5,32,0,1,Medium,258489206
5,32,0,1,Large,548734815
5,32,0,1,Large,531802380
5,32,0,1,Large,530130034
5,32,0,1,Large,522812111
5,32,0,1,Large,537816401
5,32,0,1,Huge,998987005
5,32,0,1,Huge,996474577
5,32,0,1,Huge,1007194376
5,32,0,1,Huge,917852282
5,32,0,1,Huge,960947385
5,32,0,0,Tiny,16792364
5,32,0,0,Tiny,40379728
5,32,0,0,Tiny,56256617
5,32,0,0,Tiny,74555348
5,32,0,0,Tiny,93401344
5,32,0,0,Small,111011029
5,32,0,0,Small,124742639
5,32,0,0,Small,237946951
5,32,0,0,Small,352423559
5,32,0,0,Small,468834238
5,32,0,0,Small,589846167
5,32,0,0,Small,702485302
5,32,0,0,Medium,264968270
5,32,0,0,Medium,564462872
5,32,0,0,Medium,828042140
5,32,0,0,Medium,1083232597
5,32,0,0,Medium,1357210696
5,32,0,0,Medium,1610536427
5,32,0,0,Large,525702824
5,32,0,0,Large,1027806658
5,32,0,0,Large,1525228542
5,32,0,0,Large,2105227666
5,32,0,0,Large,2621603304
5,32,0,0,Large,3137102054
5,32,0,0,Huge,1064175559
5,32,0,0,Huge,2089460928
5,32,0,0,Huge,3083548348
5,32,0,0,Huge,4082901738
5,32,0,0,Huge,5095519967
5,64,0,1,Tiny,8473801
5,64,0,1,Tiny,10047007
5,64,0,1,Tiny,9816270
5,64,0,1,Tiny,8422292
5,64,0,1,Tiny,7964990
5,64,0,1,Small,54754050
5,64,0,1,Small,57426649
5,64,0,1,Small,63211131
5,64,0,1,Small,55363018
5,64,0,1,Small,55988960
5,64,0,1,Medium,128271011
5,64,0,1,Medium,127821780
5,64,0,1,Medium,157974608
5,64,0,1,Medium,219184876
5,64,0,1,Medium,203789493
5,64,0,1,Large,268154213
5,64,0,1,Large,262517851
5,64,0,1,Large,262899058
5,64,0,1,Large,251723526
5,64,0,1,Large,269837544
5,64,0,1,Huge,484336231
5,64,0,1,Huge,486231434
5,64,0,1,Huge,489598600
5,64,0,1,Huge,507273118
5,64,0,1,Huge,490085523
5,64,0,0,Tiny,9104155
5,64,0,0,Tiny,17697037
5,64,0,0,Tiny,26619702
5,64,0,0,Tiny,35692313
5,64,0,0,Tiny,61897674
5,64,0,0,Tiny,81690919
5,64,0,0,Small,64119085
5,64,0,0,Small,124414822
5,64,0,0,Small,185893765
5,64,0,0,Small,243828653
5,64,0,0,Small,302445194
5,64,0,0,Medium,364929700
5,64,0,0,Medium,197792936
5,64,0,0,Medium,337155623
5,64,0,0,Medium,504380005
5,64,0,0,Medium,726658202
5,64,0,0,Medium,866783706
5,64,0,0,Medium,1020966956
5,64,0,0,Large,336591822
5,64,0,0,Large,667726478
5,64,0,0,Large,991660514
5,64,0,0,Large,1264597462
5,64,0,0,Large,1588464708
5,64,0,0,Large,1851604540
5,64,0,0,Huge,479939573
5,64,0,0,Huge,1024584159
5,64,0,0,Huge,1630998048
5,64,0,0,Huge,2146210396
5,64,0,0,Huge,2638029906
5,64,0,0,Huge,3145586470
5,128,0,1,Tiny,4633380
5,128,0,1,Tiny,4247156
5,128,0,1,Tiny,5495641
5,128,0,1,Tiny,6310539
5,128,0,1,Tiny,4313812
5,128,0,1,Small,28453887
5,128,0,1,Small,30418584
5,128,0,1,Small,29503644
5,128,0,1,Small,31401370
5,128,0,1,Small,38579028
5,128,0,1,Medium,76943700
5,128,0,1,Medium,69471884
5,128,0,1,Medium,73039877
5,128,0,1,Medium,67277189
5,128,0,1,Medium,63366898
5,128,0,1,Large,149895189
5,128,0,1,Large,147262548
5,128,0,1,Large,140173864
5,128,0,1,Large,133557142
5,128,0,1,Large,132454434
5,128,0,1,Huge,268812292
5,128,0,1,Huge,257515534
5,128,0,1,Huge,254503414
5,128,0,1,Huge,265911419
5,128,0,1,Huge,249397959
5,128,0,0,Tiny,4866096
5,128,0,0,Tiny,9694197
5,128,0,0,Tiny,14427273
5,128,0,0,Tiny,18686845
5,128,0,0,Tiny,18752378
5,128,0,0,Tiny,31825222
5,128,0,0,Small,33516026
5,128,0,0,Small,68492406
5,128,0,0,Small,101699611
5,128,0,0,Small,178022058
5,128,0,0,Small,208471691
5,128,0,0,Medium,239092339
5,128,0,0,Medium,107823476
5,128,0,0,Medium,165527395
5,128,0,0,Medium,233834427
5,128,0,0,Medium,302504035
5,128,0,0,Medium,366741936
5,128,0,0,Medium,436627769
5,128,0,0,Large,127965840
5,128,0,0,Large,260727003
5,128,0,0,Large,395953369
5,128,0,0,Large,528055058
5,128,0,0,Large,669711231
5,128,0,0,Large,816608345
5,128,0,0,Huge,271931170
5,128,0,0,Huge,528860611
5,128,0,0,Huge,789503337
5,128,0,0,Huge,1057886007
5,128,0,0,Huge,1313559982
5,256,0,1,Tiny,7011662
5,256,0,1,Tiny,6641245
5,256,0,1,Tiny,6648040
5,256,0,1,Tiny,6764477
5,256,0,1,Tiny,6777434
5,256,0,1,Small,28175929
5,256,0,1,Small,14273625
5,256,0,1,Small,26843497
5,256,0,1,Small,15397311
5,256,0,1,Small,14987084
5,256,0,1,Medium,34842961
5,256,0,1,Medium,32760669
5,256,0,1,Medium,31892817
5,256,0,1,Medium,32102889
5,256,0,1,Medium,32501242
5,256,0,1,Large,65618396
5,256,0,1,Large,67262095
5,256,0,1,Large,69595926
5,256,0,1,Large,68190578
5,256,0,1,Large,69003165
5,256,0,1,Huge,128604556
5,256,0,1,Huge,124978320
5,256,0,1,Huge,129006450
5,256,0,1,Huge,131227260
5,256,0,1,Huge,124688848
5,256,0,0,Tiny,2949816
5,256,0,0,Tiny,5279399
5,256,0,0,Tiny,12733197
5,256,0,0,Tiny,15220198
5,256,0,0,Tiny,17613314
5,256,0,0,Tiny,19456751
5,256,0,0,Small,15422905
5,256,0,0,Small,31135026
5,256,0,0,Small,51503559
5,256,0,0,Small,67806839
5,256,0,0,Small,87463082
5,256,0,0,Medium,105995881
5,256,0,0,Medium,50296272
5,256,0,0,Medium,84205248
5,256,0,0,Medium,120013800
5,256,0,0,Medium,155677928
5,256,0,0,Medium,201378686
5,256,0,0,Medium,236900211
5,256,0,0,Large,71780689
5,256,0,0,Large,140905479
5,256,0,0,Large,206971827
5,256,0,0,Large,278502242
5,256,0,0,Large,348227180
5,256,0,0,Large,423348399
5,256,0,0,Huge,133573265
5,256,0,0,Huge,263897894
5,256,0,0,Huge,399457283
5,256,0,0,Huge,542001504
5,256,0,0,Huge,672126612
5,512,0,1,Tiny,1652983
5,512,0,1,Tiny,1594719
5,512,0,1,Tiny,1437288
5,512,0,1,Tiny,1417376
5,512,0,1,Tiny,1419511
5,512,0,1,Small,8081490
5,512,0,1,Small,8016800
5,512,0,1,Small,7891537
5,512,0,1,Small,14813042
5,512,0,1,Small,7632114
5,512,0,1,Medium,16446560
5,512,0,1,Medium,26476702
5,512,0,1,Medium,23537607
5,512,0,1,Medium,18427912
5,512,0,1,Medium,16938156
5,512,0,1,Large,34319766
5,512,0,1,Large,41370195
5,512,0,1,Large,35462718
5,512,0,1,Large,36583883
5,512,0,1,Large,32781513
5,512,0,1,Huge,60051119
5,512,0,1,Huge,61092276
5,512,0,1,Huge,60411871
5,512,0,1,Huge,59419111
5,512,0,1,Huge,59352298
5,512,0,0,Tiny,3765868
5,512,0,0,Tiny,6999441
5,512,0,0,Tiny,8755294
5,512,0,0,Tiny,10291105
5,512,0,0,Tiny,13414725
5,512,0,0,Small,15546748
5,512,0,0,Small,9525320
5,512,0,0,Small,26463496
5,512,0,0,Small,34935686
5,512,0,0,Small,48507148
5,512,0,0,Small,62473109
5,512,0,0,Medium,81741753
5,512,0,0,Medium,44624097
5,512,0,0,Medium,78151709
5,512,0,0,Medium,107289241
5,512,0,0,Medium,126087667
5,512,0,0,Medium,144613212
5,512,0,0,Large,163346334
5,512,0,0,Large,37891531
5,512,0,0,Large,74471777
5,512,0,0,Large,111354499
5,512,0,0,Large,146335968
5,512,0,0,Large,181723322
5,512,0,0,Large,218118372
5,512,0,0,Huge,66824104
5,512,0,0,Huge,130955193
5,512,0,0,Huge,206263761
5,512,0,0,Huge,271116729
5,512,0,0,Huge,335189738
5,512,0,0,Huge,449235163
5,1024,0,1,Tiny,2169656
5,1024,0,1,Tiny,1724851
5,1024,0,1,Tiny,997539
5,1024,0,1,Tiny,965950
5,1024,0,1,Tiny,957182
5,1024,0,1,Small,4467548
5,1024,0,1,Small,5108829
5,1024,0,1,Small,4648025
5,1024,0,1,Small,4656854
5,1024,0,1,Small,6010612
5,1024,0,1,Medium,17969446
5,1024,0,1,Medium,15143863
5,1024,0,1,Medium,11189781
5,1024,0,1,Medium,10764083
5,1024,0,1,Medium,16321303
5,1024,0,1,Large,21575384
5,1024,0,1,Large,21812030
5,1024,0,1,Large,22834475
5,1024,0,1,Large,22810666
5,1024,0,1,Large,22835884
5,1024,0,1,Huge,41648464
5,1024,0,1,Huge,37427525
5,1024,0,1,Huge,34860608
5,1024,0,1,Huge,33920239
5,1024,0,1,Huge,34202119
5,1024,0,0,Tiny,1167343
5,1024,0,0,Tiny,3271992
5,1024,0,0,Tiny,4600081
5,1024,0,0,Tiny,5394146
5,1024,0,0,Tiny,7369405
5,1024,0,0,Tiny,7539182
5,1024,0,0,Small,9639351
5,1024,0,0,Small,14760909
5,1024,0,0,Small,19431784
5,1024,0,0,Small,28118537
5,1024,0,0,Small,40382002
5,1024,0,0,Small,44362808
5,1024,0,0,Medium,14213748
5,1024,0,0,Medium,25411367
5,1024,0,0,Medium,43225013
5,1024,0,0,Medium,52682896
5,1024,0,0,Medium,68857831
5,1024,0,0,Large,83061673
5,1024,0,0,Large,32855795
5,1024,0,0,Large,52362343
5,1024,0,0,Large,82081499
5,1024,0,0,Large,105686059
5,1024,0,0,Large,126810741
5,1024,0,0,Huge,156011591
5,1024,0,0,Huge,67805021
5,1024,0,0,Huge,103526509
5,1024,0,0,Huge,173680148
5,1024,0,0,Huge,225789035
5,1024,0,0,Huge,287161684
5,1024,0,0,Huge,347136877
5,2048,0,1,Tiny,1411298
5,2048,0,1,Tiny,1224937
5,2048,0,1,Tiny,1225983
5,2048,0,1,Tiny,1197776
5,2048,0,1,Tiny,1196070
5,2048,0,1,Small,7023410
5,2048,0,1,Small,6769311
5,2048,0,1,Small,7023499
5,2048,0,1,Small,7071757
5,2048,0,1,Small,7112392
5,2048,0,1,Medium,16121980
5,2048,0,1,Medium,9440574
5,2048,0,1,Medium,6227143
5,2048,0,1,Medium,5516382
5,2048,0,1,Medium,5671041
5,2048,0,1,Large,11974613
5,2048,0,1,Large,14426636
5,2048,0,1,Large,10818229
5,2048,0,1,Large,10090282
5,2048,0,1,Large,10517170
5,2048,0,1,Huge,19226065
5,2048,0,1,Huge,19702072
5,2048,0,1,Huge,20884130
5,2048,0,1,Huge,19939815
5,2048,0,1,Huge,28520558
5,2048,0,0,Tiny,969661
5,2048,0,0,Tiny,1689765
5,2048,0,0,Tiny,2880147
5,2048,0,0,Tiny,3206217
5,2048,0,0,Tiny,3938356
5,2048,0,0,Tiny,3990717
5,2048,0,0,Small,2744645
5,2048,0,0,Small,7017337
5,2048,0,0,Small,13366245
5,2048,0,0,Small,16862699
5,2048,0,0,Small,18597664
5,2048,0,0,Small,21013732
5,2048,0,0,Medium,5701846
5,2048,0,0,Medium,16851111
5,2048,0,0,Medium,23119333
5,2048,0,0,Medium,28700000
5,2048,0,0,Medium,41894457
5,2048,0,0,Medium,48305600
5,2048,0,0,Large,11411198
5,2048,0,0,Large,23466171
5,2048,0,0,Large,31438392
5,2048,0,0,Large,50119051
5,2048,0,0,Large,73771739
5,2048,0,0,Large,105108282
5,2048,0,0,Huge,23710876
5,2048,0,0,Huge,49642992
5,2048,0,0,Huge,72680495
5,2048,0,0,Huge,94553267
5,2048,0,0,Huge,115641552
5,2048,0,0,Huge,137223161
5,4096,0,1,Tiny,777961
5,4096,0,1,Tiny,584633
5,4096,0,1,Tiny,497206
5,4096,0,1,Tiny,773678
5,4096,0,1,Tiny,738024
5,4096,0,1,Small,2396737
5,4096,0,1,Small,2353382
5,4096,0,1,Small,2293129
5,4096,0,1,Small,2393604
5,4096,0,1,Small,2585695
5,4096,0,1,Medium,8177997
5,4096,0,1,Medium,3958236
5,4096,0,1,Medium,3896747
5,4096,0,1,Medium,4397297
5,4096,0,1,Medium,3909646
5,4096,0,1,Large,7923680
5,4096,0,1,Large,7877921
5,4096,0,1,Large,7581590
5,4096,0,1,Large,8266467
5,4096,0,1,Large,8010286
5,4096,0,1,Huge,13819539
5,4096,0,1,Huge,13711493
5,4096,0,1,Huge,13931863
5,4096,0,1,Huge,13604580
5,4096,0,1,Huge,13552304
5,4096,0,0,Tiny,670896
5,4096,0,0,Tiny,1546449
5,4096,0,0,Tiny,2108094
5,4096,0,0,Tiny,3359069
5,4096,0,0,Tiny,3243748
5,4096,0,0,Small,4209143
5,4096,0,0,Small,1898457
5,4096,0,0,Small,4918456
5,4096,0,0,Small,6908850
5,4096,0,0,Small,8896446
5,4096,0,0,Small,10269311
5,4096,0,0,Medium,13129711
5,4096,0,0,Medium,6194413
5,4096,0,0,Medium,10417531
5,4096,0,0,Medium,14501219
5,4096,0,0,Medium,18309022
5,4096,0,0,Medium,22009305
5,4096,0,0,Large,26050463
5,4096,0,0,Large,10354360
5,4096,0,0,Large,17507277
5,4096,0,0,Large,24702377
5,4096,0,0,Large,33969676
5,4096,0,0,Large,49696400
5,4096,0,0,Large,62606525
5,4096,0,0,Huge,19928368
5,4096,0,0,Huge,31754378
5,4096,0,0,Huge,47027378
5,4096,0,0,Huge,65315034
5,4096,0,0,Huge,78462099
5,4096,0,0,Huge,90025016
5,8192,0,1,Tiny,460421
5,8192,0,1,Tiny,372757
5,8192,0,1,Tiny,411168
5,8192,0,1,Tiny,342343
5,8192,0,1,Tiny,347798
5,8192,0,1,Small,1149019
5,8192,0,1,Small,1152674
5,8192,0,1,Small,1305517
5,8192,0,1,Small,1173437
5,8192,0,1,Small,1135888
5,8192,0,1,Medium,2375557
5,8192,0,1,Medium,2174996
5,8192,0,1,Medium,1991839
5,8192,0,1,Medium,1948020
5,8192,0,1,Medium,2151583
5,8192,0,1,Large,3798133
5,8192,0,1,Large,4107107
5,8192,0,1,Large,3498639
5,8192,0,1,Large,3555940
5,8192,0,1,Large,3509466
5,8192,0,1,Huge,6747957
5,8192,0,1,Huge,6404932
5,8192,0,1,Huge,6628990
5,8192,0,1,Huge,6233203
5,8192,0,1,Huge,6468098
5,8192,0,0,Tiny,401928
5,8192,0,0,Tiny,1024522
5,8192,0,0,Tiny,1828865
5,8192,0,0,Tiny,2374733
5,8192,0,0,Tiny,2436074
5,8192,0,0,Small,2838988
5,8192,0,0,Small,1290522
5,8192,0,0,Small,6284844
5,8192,0,0,Small,8374554
5,8192,0,0,Small,12005341
5,8192,0,0,Small,13104876
5,8192,0,0,Small,13500833
5,8192,0,0,Medium,3366950
5,8192,0,0,Medium,6983239
5,8192,0,0,Medium,9385630
5,8192,0,0,Medium,13095027
5,8192,0,0,Medium,15220512
5,8192,0,0,Medium,18142113
5,8192,0,0,Large,4140339
5,8192,0,0,Large,8102524
5,8192,0,0,Large,14642219
5,8192,0,0,Large,19433902
5,8192,0,0,Large,25876641
5,8192,0,0,Large,29202165
5,8192,0,0,Huge,7038578
5,8192,0,0,Huge,14383265
5,8192,0,0,Huge,21269766
5,8192,0,0,Huge,27985940
5,8192,0,0,Huge,41788924
5,8192,0,0,Huge,48747403
